Price,Close,High,Low,Open,Volume
Ticker,AAPL,AAPL,AAPL,AAPL,AAPL
Date,,,,,
2020-01-02,72.27154541015625,72.33170151465225,71.02992253216576,71.28257523373918,135480400
2020-01-03,71.56892395019531,72.32688945190185,71.34514498799838,71.5015494021164,146322800
2020-01-06,72.13920593261719,72.17770672514841,70.44280652658847,70.69305800640377,118387200
2020-01-07,71.7999267578125,72.40388908002937,71.5809576466451,72.14882777323544,108872000
2020-01-08,72.95491790771484,73.25569843032547,71.50395296037216,71.50395296037216,132079200
2020-01-09,74.50452423095703,74.69702078802769,73.67918441118903,73.92942846672628,170108400
2020-01-10,74.6729736328125,75.23604124225797,74.17247806619659,74.73794692643483,140644800
2020-01-13,76.26830291748047,76.29477541829935,74.87027582985212,74.98818677177965,121532000
2020-01-14,75.23844909667969,76.41510614806313,75.11573562414125,76.20576405751645,161954400
2020-01-15,74.91600799560547,75.91700649010697,74.48528821645434,75.0387288028542,121923600
2020-01-16,75.85444641113281,75.96513894112196,75.09648089083629,75.4574175522418,108829200
2020-01-17,76.69422149658203,76.69662274727602,75.7966897960532,76.10228015577917,137816400
2020-01-21,76.17447662353516,76.76400206376488,76.03731893774885,76.32366259336249,110843200
2020-01-22,76.44636535644531,76.99738987709428,76.35251832728817,76.65810863389025,101832400
2020-01-23,76.81451416015625,76.89391696489145,75.95307487193976,76.49929684802616,104472000
2020-01-24,76.59315490722656,77.80108679471296,76.40305956833261,77.05996684733118,146537600
2020-01-27,74.34089660644531,75.01945169928203,73.36155372985573,74.60798611282112,161940000
2020-01-28,76.44398498535156,76.61482629516499,75.12055046053683,75.21920736994338,162234000
2020-01-29,78.04413604736328,78.8887302471814,77.33188970578509,78.07060855632155,216229200
2020-01-30,77.93101501464844,77.98395267078313,76.6990193918119,77.12973907839535,126743200
2020-01-31,74.47567749023438,77.64469745347057,74.18211536111428,77.22360465680592,199588400
2020-02-03,74.27113342285156,75.4333461257712,72.7215115901091,73.22200714636392,173788400
2020-02-04,76.72308349609375,76.91317880860565,75.467023963902,75.87127115182567,136616400
2020-02-05,77.34871673583984,78.14518291668757,76.74715573258482,77.84680366564679,118826800
2020-02-06,78.25344848632812,78.25585707985009,77.06236227335305,77.61820397472934,105425600
2020-02-07,77.1897964477539,78.00262411427845,76.7001698716179,77.75419304088338,117684000
2020-02-10,77.556396484375,77.556396484375,75.69919587638071,75.77878713871854,109348800
2020-02-11,77.08848571777344,78.12321641331339,76.87141125259707,78.05086071182195,94323200
2020-02-12,78.9191665649414,78.9239878248454,77.53711376977571,77.53711376977571,113730400
2020-02-13,78.35718536376953,78.68280077942906,77.99057083277162,78.19317418101016,94747600
2020-02-14,78.37647247314453,78.62490351773702,77.86996050397198,78.32581612373606,80113600
2020-02-18,76.94135284423828,77.12224944183446,75.88250122650535,76.06339782410153,152531200
2020-02-19,78.0556869506836,78.28482562119284,77.18256041371585,77.18256041371585,93984000
2020-02-20,77.25491333007812,78.30411519495496,76.75081563386378,77.81690294978998,100566000
2020-02-21,75.5062484741211,77.29110106607291,74.891202892234,76.84970917824121,129554000
2020-02-24,71.9196548461914,73.36682749250087,69.76096006520021,71.69775916241636,222195200
2020-02-25,69.48358154296875,72.96885871696044,69.0132548349646,72.58777314716063,230673600
2020-02-26,70.58585357666016,71.84730854807512,69.10250289246999,69.10973846221914,198054800
2020-02-27,65.97178649902344,68.98190880585912,65.8367176160919,67.8000523998572,320605600
2020-02-28,65.93318939208984,67.15123091808199,61.835280759075644,62.0499482580576,426510000
2020-03-02,72.07162475585938,72.70597008087806,66.98481268602946,68.08466354649526,341397200
2020-03-03,69.78268432617188,73.32343252495296,68.93367144924383,73.24384124809224,319475600
2020-03-04,73.01950073242188,73.17869059647481,70.70161622739258,71.49997249663515,219178400
2020-03-05,70.6510009765625,72.25012122741664,70.28679335490708,71.27810349342903,187572800
2020-03-06,69.71273040771484,70.14447238483373,67.83140857783133,68.01712645055636,226176800
2020-03-09,64.1989974975586,67.07404319923313,63.43440466648222,63.61530125773645,286744800
2020-03-10,68.8227310180664,69.08804757078283,64.9708381447339,66.84493210656007,285290000
2020-03-11,66.4324722290039,67.82899618098686,65.57140256073914,66.9052206904251,255598800
2020-03-12,59.871952056884766,65.12277860691059,59.81647812782899,61.73157079868094,418474000
2020-03-13,67.04511260986328,67.51544677339488,61.01040024313374,63.89027874713733,370732000
2020-03-16,58.419960021972656,62.4889229945198,57.88691638094368,58.35724684046864,322423600
2020-03-17,60.98868942260742,62.1343642760622,57.50100115086754,59.698292128180576,324056000
2020-03-18,59.495697021484375,60.298878525080625,57.192279125756,57.83144944633274,300233600
2020-03-19,59.03983688354492,60.983872113197,58.51644306635794,59.669357314419855,271857200
2020-03-20,55.29165267944336,60.74025764199119,54.99256896191713,59.618696461531016,401693200
2020-03-23,54.11702346801758,55.11316188237845,51.28056622079162,55.01186023215794,336752800
2020-03-24,59.54634475708008,59.74171251843163,56.51210499986582,57.008967128821915,287531200
2020-03-25,59.218318939208984,62.28873655883238,58.924060140998606,60.47977034705603,303602000
2020-03-26,62.33456802368164,62.39245259049927,59.420925829165725,59.45951799394508,252087200
2020-03-27,59.75376510620117,61.714681710456084,59.587339648494336,60.96215304640848,204216800
2020-03-30,61.45903396606445,61.63028441605381,60.154165232451845,60.47737004789995,167976400
2020-03-31,61.3336067199707,63.311409233664314,60.78127060250106,61.64957594039169,197002000
2020-04-01,58.10639953613281,59.990135502333565,57.67707190892179,59.45468128316464,176218400
2020-04-02,59.07600784301758,59.129071143668284,57.13920841031964,57.968921460111474,165934000
2020-04-03,58.22700119018555,59.26172817079223,57.63848363538416,58.56226275717802,129880000
2020-04-06,63.30656433105469,63.460925577531135,60.1493170593517,60.51593146034606,201820400
2020-04-07,62.57334518432617,65.53281860383495,62.46963288857008,65.31573677087265,202887200
2020-04-08,64.17487335205078,64.48842448399525,63.00748829000569,63.371688404036405,168895200
2020-04-09,64.63799285888672,65.13968372309436,63.84446480191953,64.80924699848376,161834800
2020-04-13,65.90667724609375,66.01521817669068,64.11700321080237,64.71517076301717,131022800
2020-04-14,69.23516082763672,69.5245983530926,67.06440146882377,67.53473560751405,194994800
2020-04-15,68.60322570800781,69.06149562848323,67.68668586705697,68.11359919874643,131154400
2020-04-16,69.1483383178711,69.51254587742164,68.10155073366812,69.3147638013278,157125200
2020-04-17,68.21009063720703,69.21105794148095,66.7773886485133,68.66595370665648,215250000
2020-04-20,66.79427337646484,67.93995209285313,66.77498097363504,67.04029751693926,130015200
2020-04-21,64.72962951660156,66.8714465476712,64.02051421953927,66.63748663863089,180991600
2020-04-22,66.59408569335938,67.02823469257027,65.65342462126695,65.99350383291697,116862400
2020-04-23,66.33600616455078,67.95684041674475,66.29741399655765,66.5386095259871,124814400
2020-04-24,68.2510757446289,68.26072562347866,66.81113863556433,66.85938066911224,126161200
2020-04-27,68.29932403564453,68.62976064968919,67.52267433285353,67.96888006089833,117087600
2020-04-28,67.19223022460938,68.94089736729391,67.1005821297752,68.76000076632654,112004800
2020-04-29,69.39920806884766,69.86712809089785,68.47301790910952,68.67562131648613,137280800
2020-04-30,70.86323547363281,71.0393108397726,69.54872440544703,69.93704563014794,183064000
2020-05-01,69.72236633300781,72.11743524186343,68.94571673597511,69.0421934380716,240616800
2020-05-04,70.70887756347656,70.83671089109956,69.05910113576175,69.74650982081866,133568000
2020-05-05,71.77013397216797,72.59984709930193,71.02242643355622,71.16714520888473,147751200
2020-05-06,72.51060485839844,73.14012158473827,72.0860984199546,72.4695983843977,142333600
2020-05-07,73.26071166992188,73.6056267954184,72.83379832640894,73.1352926720061,115215200
2020-05-08,75.00444793701172,75.05765488198482,73.59205412028582,73.91855094713767,133838400
2020-05-11,76.18468475341797,76.67805029133442,74.30551752010811,74.51351103092436,145946400
2020-05-12,75.31399536132812,77.3164993988426,75.1930711866458,76.86665763109883,162301200
2020-05-13,74.40464782714844,76.41199367992591,73.33084049882564,75.49296546688427,200622400
2020-05-14,74.86175537109375,74.92221747074527,72.92454733645849,73.6452582213304,158929200
2020-05-15,74.41917419433594,74.46512598393333,72.60531107010586,72.63917339112623,166348400
2020-05-18,76.1725845336914,76.54503320734271,75.05041158146969,75.73968112913077,135178400
2020-05-19,75.73240661621094,77.03354472425552,75.70096514534589,76.18949622469526,101729600
2020-05-20,77.20524597167969,77.27537667417312,76.54983167544503,76.58852829438558,111504800
2020-05-21,76.6296615600586,77.60673109306647,76.39264748790822,77.06740654244075,102688800
2020-05-22,77.12303161621094,77.20525917779025,76.26688630469137,76.3684584887372,81803200
2020-05-26,76.60064697265625,78.41692345166804,76.54501918320653,78.23795799610525,125522000
2020-05-27,76.93440246582031,77.07951300360745,75.72032597361274,76.45796813210207,112945200
2020-05-28,76.96824645996094,78.22344013486418,76.334604889172,76.61030820274443,133560800
2020-05-29,76.89327239990234,77.66960361164463,76.53775499591495,77.21009317848531,153532400
2020-06-01,77.83888244628906,77.95980660501232,76.71670271063722,76.84730286863332,80791200
2020-06-02,78.19926452636719,78.22345084365439,77.13271214546359,77.57287802595609,87642800
2020-06-03,78.6297607421875,78.89096118094021,77.94774639510123,78.51851253045199,104491200
2020-06-04,77.95257568359375,78.75067242701921,77.58012709236915,78.45320362768672,87560400
2020-06-05,80.17273712158203,80.23319921594221,78.17265369717333,78.20167432156592,137250400
2020-06-08,80.64675903320312,80.68062134923207,79.16181381231353,79.87042779704282,95654400
2020-06-09,83.19342041015625,83.58521359796022,80.29608159235194,80.32752306209885,147712400
2020-06-10,85.33377075195312,85.80053629513817,83.70129439282721,84.13903931497238,166651600
2020-06-11,81.23686218261719,84.9032841848941,81.13529000514959,84.48004955731804,201662400
2020-06-12,81.93824005126953,84.11487578630992,80.83057755802524,83.36998591557237,200146000
2020-06-15,82.95157623291016,83.60214898703789,80.43393362831908,80.59597529574442,138808800
2020-06-16,85.14998626708984,85.42086269022191,83.36998548456056,85.00004143146272,165428800
2020-06-17,85.03147888183594,85.95292070417966,84.91055468068187,85.89245860360263,114406400
2020-06-18,85.0653305053711,85.48131000026396,84.45828873010188,84.98793725501275,96820400
2020-06-19,84.57920837402344,86.23345026330821,83.4739596024441,85.76910554734732,264476000
2020-06-22,86.79214477539062,86.93483446322153,84.92507460309979,84.97102639518768,135445200
2020-06-23,88.64469909667969,90.05951379803278,87.61442248881565,88.03282290304573,212155600
2020-06-24,87.07994079589844,89.19128014209528,86.70749216559717,88.27467257128609,192623200
2020-06-25,88.23595428466797,88.27465090772732,86.47771937429839,87.23470591777716,137522400
2020-06-26,85.52484893798828,88.35205726047579,85.37731757939976,88.13197433577965,205256800
2020-06-29,87.49591064453125,87.59023505976948,84.95650253776073,85.43294416349418,130646000
2020-06-30,88.2262954711914,88.51168219927229,87.06542607576557,87.08477070075071,140223200
2020-07-01,88.05941772460938,88.84542502767371,88.01105247279727,88.30368697136247,110737200
2020-07-02,88.05941772460938,89.59757739253234,87.94575606156859,88.96393576296241,114041600
2020-07-06,90.41504669189453,90.88181244031466,89.45248718062501,89.48392866078487,118655600
2020-07-07,90.13449096679688,91.56865036942912,90.0232427568075,90.79231898432114,112424400
2020-07-08,92.23373413085938,92.26517560751083,91.02207114050358,91.10914041281748,117092000
2020-07-09,92.6303482055664,93.1769205126767,91.58556145720479,93.12371357510385,125642800
2020-07-10,92.79239654541016,92.85044518286722,91.6170168108506,92.22647214944136,90257200
2020-07-13,92.36432647705078,96.695832354325,92.15149869689814,94.09354111984942,191649200
2020-07-14,93.892822265625,94.08387721865836,90.8165098218761,91.74762040886819,170989200
2020-07-15,94.53853607177734,96.01139191075474,93.34380441075506,95.7622883592816,153198000
2020-07-16,93.37525177001953,94.22897636244912,92.77788590184623,93.41394840131093,110577600
2020-07-17,93.18659210205078,93.97985443699729,92.71498484222874,93.82507532269437,92186800
2020-07-20,95.15040588378906,95.28826123103211,92.9302395381322,93.27366748344572,90318000
2020-07-21,93.83718872070312,96.01382454154418,93.58808513865422,95.93885212038768,103433200
2020-07-22,94.10079193115234,94.78038533647508,93.45263999834938,93.53970187859424,89001600
2020-07-23,89.81765747070312,93.9121489972856,89.00988472288186,93.83475574009108,197004400
2020-07-24,89.59514617919922,89.93857411627435,86.23828958165114,88.02071829007306,185438800
2020-07-27,91.7186050415039,91.81050863463231,90.43197687959335,90.65447332341354,121214000
2020-07-28,90.21188354492188,91.46707746354134,90.20704185281049,91.29052545592491,103625600
2020-07-29,91.94109344482422,92.12490060025137,90.6568789640174,90.69315474979174,90329200
2020-07-30,93.0535888671875,93.15758190350233,90.71007737841838,91.11638090213245,158130000
2020-07-31,102.79523468017578,102.94517949075968,97.5374460244692,99.53028163979462,374336800
2020-08-03,105.38544464111328,107.99740451645603,104.37452005882113,104.67198887947312,308151200
2020-08-04,106.08924102783203,107.17755904324193,104.8533916212951,105.57410265297072,173071600
2020-08-05,106.47374725341797,106.79298888024711,105.34673293855269,105.81108506672477,121776800
2020-08-06,110.18854522705078,110.68191802624929,106.21739865938491,106.80508849601155,202428800
2020-08-07,107.68331909179688,110.16673452744945,106.88862644814542,109.7112386108564,198045600
2020-08-10,109.24849700927734,110.26366958356304,106.6051724150767,109.12492955700957,212403600
2020-08-11,105.99943542480469,109.01102903844416,105.74018931676449,108.51434892717005,187902400
2020-08-12,109.52227020263672,109.77909114067742,106.89348231283336,107.08730692473522,165598000
2020-08-13,111.46051788330078,112.46115364225324,110.4114222865851,110.89841629855303,210082000
2020-08-14,111.36121368408203,111.4508577562041,109.55619139980415,111.28610608884811,165565200
2020-08-17,111.07048034667969,112.5048078243373,110.44538959684257,112.48057789581485,119561600
2020-08-18,111.9959945678711,112.41999238397445,110.4889848914492,110.82333863803461,105633600
2020-08-19,112.13650512695312,113.54660235506186,112.04201803934366,112.40301949215254,145538000
2020-08-20,114.62476348876953,114.73863746481582,112.16072762152713,112.17768930590152,126907200
2020-08-21,120.53169250488281,121.01383628095505,115.56970341549895,115.58181468260125,338054800
2020-08-24,121.9732666015625,124.81042301409434,120.11252368244841,124.72561457851019,345937600
2020-08-25,120.9726333618164,121.31668056382314,119.25483735042155,120.84907330953439,211495600
2020-08-26,122.61772918701172,123.07322510919757,121.22216847119705,122.28580069310276,163022400
2020-08-27,121.15193939208984,123.55055438295649,120.0107741116813,123.21862581210485,155552400
2020-08-28,120.9556655883789,122.54020052783069,120.73276064666275,122.12347098857094,187630000
2020-08-31,125.05753326416016,126.9570498293378,122.11136090455392,123.64260037932992,225702700
2020-09-01,130.03892517089844,130.6398007655306,126.50157751038662,128.66275103381622,151948100
2020-09-02,127.34467315673828,133.7216002607571,123.08047368439388,133.34363719292597,200119000
2020-09-03,117.14937591552734,124.86371200273943,116.7811062092152,122.99328312594758,257599600
2020-09-04,117.2269058227539,119.88234128870778,107.46768860387866,116.36437378387909,332607200
2020-09-08,109.338134765625,115.31771368004287,109.202456054635,110.4332579025972,231366600
2020-09-09,113.69923400878906,115.46306431680152,111.7028127244271,113.64108811318515,176940500
2020-09-10,109.98744201660156,116.78109976625105,109.02799770708086,116.64542107173031,182274400
2020-09-11,108.5434341430664,111.6737525060593,106.6051585333688,111.03411800577045,180860300
2020-09-14,111.79974365234375,112.35215193447013,109.31875310720565,111.17949601605923,140150100
2020-09-15,111.97416687011719,115.16263068004423,110.10373087809108,114.67806184681399,184642000
2020-09-16,108.66943359375,112.42000005035005,108.58221472900694,111.67376709645097,154679000
2020-09-17,106.93463897705078,108.73723550021867,105.35494735467596,106.33377839861689,178011000
2020-09-18,103.54266357421875,107.45798059007706,102.81581033252574,106.99279865599632,287104900
2020-09-21,106.68268585205078,106.78929159662262,99.91810106836907,101.31366180172101,195713800
2020-09-22,108.35929107666016,109.3768886869023,105.79108191602546,109.20244359354463,183055400
2020-09-23,103.81404876708984,108.65004455027305,103.47484460570544,108.17516907584385,150718700
2020-09-24,104.8801040649414,106.84745280660479,101.75947886343313,101.92423053085801,167743300
2020-09-25,108.8148193359375,108.96988497340462,104.34709232304353,105.08363931313927,149981400
2020-09-28,111.41207885742188,111.76096905147743,109.29935819072301,111.46053870423745,137672400
2020-09-29,110.56893157958984,111.7512809163313,110.06498316084728,111.01474148847176,99382200
2020-09-30,112.23585510253906,113.64110945971419,110.11344818104769,110.27819984549522,142675200
2020-10-01,113.18560028076172,114.08689869652889,112.25522891512048,114.00936590090853,116120400
2020-10-02,109.53195190429688,111.80943167027127,108.75664609356778,109.40596665096126,144712000
2020-10-05,112.90454864501953,113.04992078729782,110.04559522059489,110.3944854044891,106243800
2020-10-06,109.66764831542969,112.53629561221867,108.78572927732188,112.12925207481908,161498200
2020-10-07,111.52838134765625,111.98387730301256,110.6076959885073,111.08257884073628,96849000
2020-10-08,111.42176055908203,112.80762774105104,111.05348350755155,112.66225560986447,83477200
2020-10-09,113.36004638671875,113.38911933685253,111.37331099631979,111.72220118579409,100506900
2020-10-12,120.56074523925781,121.31667154926015,115.59875698215505,116.35468329215739,240226800
2020-10-13,117.36260223388672,121.5202048546633,115.9573551882952,121.40390564086033,262330500
2020-10-14,117.4498062133789,119.23301612314903,115.92826024261022,117.26566767493782,150712000
2020-10-15,116.98462677001953,117.45950223722147,114.50363628707971,115.05604455535725,112559200
2020-10-16,115.34679412841797,117.79871932248498,115.1432760487085,117.53704793861876,115393800
2020-10-19,112.4006118774414,116.70357893346838,112.09048805904365,116.25777640664253,120639300
2020-10-20,113.88338470458984,115.30801845057066,112.06140091237076,112.6138091614312,124423700
2020-10-21,113.26312255859375,115.04633232866423,112.85607911635273,113.06929058754238,89946000
2020-10-22,112.17769622802734,114.39702259575029,111.0534928722476,113.8252274699149,101988000
2020-10-23,111.4896240234375,112.9530243111908,110.75307715494814,112.79795869932553,82572600
2020-10-26,111.49930572509766,112.95301241046303,109.39627110087882,110.49140153597219,111850700
2020-10-27,113.00146484375,113.66047883675716,111.00504336225823,111.92572130525396,92276800
2020-10-28,107.76812744140625,111.86758385649746,107.67121513386326,111.49931413026005,143937800
2020-10-29,111.76097869873047,113.32129125851726,108.73726588721904,108.90202494425338,146129200
2020-10-30,105.50032806396484,108.53372632984272,104.39551170417884,107.63242799486639,190272600
2020-11-02,105.4131088256836,107.26416545991421,104.00786205893465,105.74261950243951,122866900
2020-11-03,107.03157043457031,108.0491605877784,105.37434584740238,106.27564420820605,107624400
2020-11-04,111.40239715576172,112.02264481194184,108.88264012828803,110.61739783333208,138235500
2020-11-05,115.3564682006836,115.92826333290571,113.26313445106743,114.3097976289083,126387100
2020-11-06,115.22543334960938,115.72054108275734,112.74015488389513,114.86623100789144,114457900
2020-11-09,112.9245834350586,118.42907262853805,112.66246807633155,116.98256825674697,154515300
2020-11-10,112.58482360839844,114.15753088265224,110.79852956756876,112.17708523408758,138023400
2020-11-11,116.0020523071289,116.13796507649292,113.04108708119541,113.7691943770842,112295000
2020-11-12,115.730224609375,117.011693129965,115.10890698767624,116.12826014557999,103162300
2020-11-13,115.77877807617188,116.17680624012897,114.42935305539847,115.95352413531403,81581900
2020-11-16,116.78841400146484,117.45826768159665,114.7011715913371,115.44869182782028,91183000
2020-11-17,115.90497589111328,117.14761119066519,115.48752740079281,116.06030900690259,74271000
2020-11-18,114.58468627929688,116.32243681277677,114.55556316864666,115.14775777417243,76322100
2020-11-19,115.17686462402344,115.58460292894434,113.40028105826617,114.15751145503081,74113000
2020-11-20,113.9148178100586,115.3030761134196,113.86628176431465,115.17687350645622,73604300
2020-11-23,110.52667999267578,114.18663661435309,110.42960050653552,113.75947798730789,127959300
2020-11-24,111.80816650390625,112.46831748552103,109.30347536130687,110.58495144916897,113874200
2020-11-25,112.64306640625,113.34205068763839,111.80816933755735,112.17708182311867,76499200
2020-11-27,113.18671417236328,114.06044449798334,112.82751927666311,113.1673012347678,46691300
2020-11-30,115.57490539550781,117.4388583652438,113.40028619079179,113.5556193082818,169410200
2020-12-01,119.13777160644531,119.86587890611962,116.50687811909167,117.47768785199075,127728200
2020-12-02,119.4872817993164,119.76881755329892,117.36120579212971,118.45821829004096,89004200
2020-12-03,119.35137176513672,120.16684852789926,118.64267727747634,119.91443587941438,78967600
2020-12-04,118.6814956665039,119.27369022514605,117.97280126779268,119.02127760834182,78260400
2020-12-07,120.13771057128906,120.93377429658472,118.68149589769769,118.73974211450027,86712000
2020-12-08,120.74932098388672,121.33181279274314,119.49697544555106,120.73961821864586,82225500
2020-12-09,118.2252197265625,122.27349493369557,117.46798924542293,120.89494675486756,115089200
2020-12-10,119.64260864257812,120.2542236129108,116.64280964087811,116.98259162067868,81312200
2020-12-11,118.83683013916016,119.17661208486537,117.03112333433712,118.8562430760472,86939800
2020-12-14,118.2252197265625,119.74939086099992,117.99222744160214,119.021283489644,79184500
2020-12-15,124.14717864990234,124.16659899741805,120.50664119341056,120.71051040217101,157243700
2020-12-16,124.0792007446289,124.62285187377786,122.86568846942772,123.69088274191743,98208600
2020-12-17,124.94320678710938,125.79752407268884,124.30246882292478,125.13736576654637,94359800
2020-12-18,122.96276092529297,125.33153897823031,122.43852279521552,125.19562621191656,192541500
2020-12-21,124.48695373535156,124.56462030770652,119.84648343417716,121.3706547348561,121251600
2020-12-22,128.0304412841797,130.48658966277313,125.86552408614152,127.76831840829334,168904800
2020-12-23,127.13724517822266,128.5643218128226,126.96249172878603,128.30221385873838,88223700
2020-12-24,128.1177520751953,129.56426380208862,127.2731524108818,127.48673172125208,54930100
2020-12-28,132.69998168945312,133.33100207588342,129.61279910731304,130.07879843395568,124486200
2020-12-29,130.93312072753906,134.73869359094937,130.41859268818658,134.02030377703682,121047300
2020-12-30,129.81666564941406,132.020407669835,129.50599945561927,131.62237216405273,96452100
2020-12-31,128.81671142578125,130.80687380939315,127.87502505129235,130.16613600158848,99116600
2021-01-04,125.63249969482422,129.70989788960378,123.05985224509121,129.62252856286995,143301900
2021-01-05,127.185791015625,127.89449286005866,124.68109986637585,125.12767890789046,97664900
2021-01-06,122.9045181274414,127.22462614380248,122.69093878823239,123.99182776037331,155088000
2021-01-07,127.09843444824219,127.78771601746288,124.12775842813694,124.61316339386353,109578200
2021-01-08,128.19546508789062,128.75853667263522,126.42858375506596,128.56436281946557,105158200
2021-01-11,125.21504211425781,126.37030813032683,124.74905756448756,125.41891868730954,100384500
2021-01-12,125.04029846191406,125.90431854480057,123.1569251813032,124.74905257493837,91951100
2021-01-13,127.06926727294922,127.61291827590564,124.73933017074201,125.00143809570962,88636800
2021-01-14,125.14710235595703,127.17609140406186,125.00147198922038,126.98193239512918,90221800
2021-01-15,123.42875671386719,126.41885265934873,123.29284393513538,125.02088418474625,111598500
2021-01-19,124.0986099243164,124.95292722948219,123.23458985463955,124.0500664749991,90757300
2021-01-20,128.17599487304688,128.62257382285637,124.79758149233558,124.90437114467832,104319500
2021-01-21,132.87474060058594,135.59301116722563,129.69048544958548,129.89436203777117,120150900
2021-01-22,135.0105438232422,135.7677743821565,131.07876065141238,132.30197582810843,114459400
2021-01-25,138.74813842773438,140.8547939706266,132.55436700322258,138.89376878953092,157611700
2021-01-26,138.98114013671875,140.08786276088446,137.2433822290361,139.40829883611298,98390600
2021-01-27,137.91323852539062,140.0878578213645,136.3114082725256,139.24324321793168,140843800
2021-01-28,133.0883331298828,137.8453107957744,132.70971784009862,135.44740902267984,142621100
2021-01-29,128.10804748535156,132.7485164111063,126.40913060377333,131.8650760774745,177523800
2021-02-01,130.2244415283203,131.42825115687322,127.1081351803439,129.84582625364877,106239800
2021-02-02,131.0496368408203,132.33109823624255,130.68072432979122,131.7680267032869,83305400
2021-02-03,130.0302734375,131.80685723730443,129.70990440998943,131.79713965825755,89880900
2021-02-04,133.37954711914062,133.38924988354398,130.66127693474024,132.32136807732365,84183100
2021-02-05,132.9663543701172,133.6080499269068,132.09132576396362,133.5399993993488,75693800
2021-02-08,133.11221313476562,133.16082913582426,131.1774090425887,132.25661898979965,71297200
2021-02-09,132.23716735839844,134.055304885325,132.08161692740265,132.8302469559109,76774200
2021-02-10,131.63429260253906,133.18991467614495,130.67174977550036,132.69405253698338,73046600
2021-02-11,131.3815460205078,132.6065887223786,130.0592713492993,132.13017580944882,64280000
2021-02-12,131.61488342285156,131.7704486448014,129.98149309892653,130.62318851283254,60145100
2021-02-16,129.49537658691406,132.23714344471992,129.10646349095452,131.731578673249,80576300
2021-02-17,127.21055603027344,128.55228022303262,125.87856393692216,127.60918638254499,97918500
2021-02-18,126.11192321777344,126.39387225132121,123.87572097237708,125.61606083959396,96856700
2021-02-19,126.2674560546875,127.08416608284661,125.2271451192894,126.62720249840024,87668800
2021-02-22,122.50483703613281,126.12164769737448,122.1159313080217,124.4590755242555,103916400
2021-02-23,122.36869812011719,123.19511800076138,115.10591153263685,120.32695270389084,158273000
2021-02-24,121.87284851074219,122.07702231944482,118.83940058972168,121.47422557501572,111039900
2021-02-25,117.63380432128906,122.952070827566,117.19629003176654,121.22144819930787,148199500
2021-02-26,117.89630126953125,121.3867126364465,117.83796059992733,119.18940199791072,164560400
2021-03-01,124.24514770507812,124.38126355702956,119.38384608464823,120.31721510563986,116307900
2021-03-02,121.64926147460938,125.14939851163894,121.54231220417077,124.8480000682722,102260900
2021-03-03,118.67411804199219,122.22287046374831,118.46021953832745,121.34783450228308,112966300
2021-03-04,116.7976303100586,120.1713748286418,115.32952255835691,118.37269470881503,178155000
2021-03-05,118.05186462402344,118.55744422295456,114.30866329373481,117.62407506080334,153766600
2021-03-08,113.13224029541016,117.6435287378886,112.98639972664601,117.57547079483327,154376600
2021-03-09,117.73102569580078,118.67411961018901,115.4948308955723,115.72817134912674,129525800
2021-03-10,116.65180969238281,118.78105499068555,116.13650543340157,118.31437413808155,111943300
2021-03-11,118.5768814086914,119.79220694881545,117.8963020733253,119.14079423957098,103026500
2021-03-12,117.67268371582031,117.80879958845243,115.85456138090896,117.06016228897577,88105100
2021-03-15,120.55057525634766,120.56029993815383,117.07960562741921,118.04214884674406,92403800
2021-03-16,122.0867691040039,123.6910006545399,121.26034903789751,122.21316031767569,115227900
2021-03-17,121.29920959472656,122.3686945512962,118.94633378896354,120.60890560077927,111932600
2021-03-18,117.18656921386719,119.76306129363483,116.98239537750578,119.47138014582727,121229700
2021-03-19,116.66152954101562,118.06158696536845,116.36013117462356,116.57402966087285,185549500
2021-03-22,119.96724700927734,120.43393540842945,116.9240736929911,116.99213164518407,111912300
2021-03-23,119.14080047607422,120.79364033005854,118.75189479932533,119.90888714776963,95467100
2021-03-24,116.75875091552734,119.49080775473756,116.73930897083474,119.41302514045037,88530500
2021-03-25,117.24488830566406,118.28521414548541,115.6989976953015,116.22401924724316,98844700
2021-03-26,117.84770202636719,118.11021653249013,115.62122444554402,117.01155734823239,94071200
2021-03-29,118.02269744873047,119.1796897776827,117.3810093980004,118.27548724702227,80819200
2021-03-30,116.57403564453125,117.06016589541106,115.56288383257017,116.7782094597697,85671900
2021-03-31,118.76163482666016,120.09362711310527,117.78937421803873,118.27550452234945,118323800
2021-04-01,119.58804321289062,120.7353109160336,119.09218827381586,120.22973871260609,75089100
2021-04-05,122.4076156616211,122.6604055041721,119.65611627910346,120.4339277556789,88651200
2021-04-06,122.708984375,123.60346216405839,122.16452092387894,122.99094078154718,80171300
2021-04-07,124.35211944580078,124.37156139198876,121.66867838856395,122.33954050731289,83466700
2021-04-08,126.74386596679688,126.77303259187028,124.95491039655207,125.3729752462817,88844600
2021-04-09,129.3106689453125,129.34955284443396,125.87858997142516,126.199437772379,106686700
2021-04-12,127.5994873046875,129.1648274741665,127.00640774145585,128.84397969384253,91420000
2021-04-13,130.70098876953125,130.9246193949784,128.27033720569543,128.7661996194506,91266500
2021-04-14,128.3675537109375,131.25516860713591,128.00782207026887,131.19683535032675,87222800
2021-04-15,130.76904296875,131.2551732400093,129.93289830876327,130.10791292088626,89347100
2021-04-16,130.43850708007812,130.93435472673042,129.58291286418694,130.57462299301338,84922400
2021-04-19,131.09959411621094,131.71212294052938,129.64120345679902,129.80648595127033,94264200
2021-04-20,129.4176025390625,131.7704712922572,128.15366085563892,131.27462375202614,94812300
2021-04-21,129.79678344726562,130.03984858480732,127.65781320400242,128.68840701349623,68847100
2021-04-22,128.280029296875,130.4287163012516,127.76473251290152,129.349506750087,84566500
2021-04-23,130.59405517578125,131.37185181275385,128.4939686507075,128.4939686507075,78657500
2021-04-26,130.98292541503906,131.31349039844014,129.85509976347652,131.08987465502372,66905100
2021-04-27,130.66207885742188,131.6537886519638,130.38984712331498,131.26487557787047,66015800
2021-04-28,129.87454223632812,131.27459954530588,129.3884120504617,130.5842881537486,107760100
2021-04-29,129.7772979736328,133.2677236525645,128.77587107243528,132.68436155056918,151101000
2021-04-30,127.81334686279297,129.85508461220547,127.43416593536529,128.12446244748273,109839500
2021-05-03,128.86343383789062,130.3510064405411,128.1731370102802,128.3773034607761,75135100
2021-05-04,124.30350494384766,127.84254003096058,123.18540387178189,127.55085891033158,137564700
2021-05-05,124.54658508300781,126.83138852361431,124.42018646140798,125.61606280982821,84000900
2021-05-06,126.14109802246094,126.15081528786173,123.60348979624123,124.34240994349356,78128300
2021-05-07,126.8131103515625,127.8357062427534,126.10214376686281,127.43641354670608,78973300
2021-05-10,123.54073333740234,126.16055151436144,123.50177596650869,126.03395306208488,88071200
2021-05-11,122.625244140625,122.97584556938226,119.56715410715378,120.2781130243474,126142800
2021-05-12,119.5671615600586,121.38837950118456,119.06073063774643,120.18073081693389,112172300
2021-05-13,121.70977020263672,122.85898653118865,121.0182936516952,121.32994515958939,105861300
2021-05-14,124.1250991821289,124.55362290113777,122.56684124531476,122.95640758710829,81918000
2021-05-17,122.97586059570312,123.61864605940792,121.9045589198871,123.51151514879045,74244600
2021-05-18,121.59290313720703,123.67707407576847,121.5247295992301,123.25829164809352,63342900
2021-05-19,121.43709564208984,121.66109125212728,119.65483481097455,119.94701139751646,92612000
2021-05-20,123.98873138427734,124.38803886132331,121.83638680726905,121.96300011967811,76857100
2021-05-21,122.15777587890625,124.66072928690556,121.94351406158702,124.48542483913151,79295400
2021-05-24,123.78423309326172,124.60232316512636,122.65449886018011,122.72267241363883,63092900
2021-05-25,123.58942413330078,124.97238470676444,123.02455343641832,124.4854213164092,72009500
2021-05-26,123.54073333740234,124.06664669892854,123.12195088824402,123.64786424977021,56575900
2021-05-27,122.01168823242188,124.31012103497811,121.816908814046,123.14142966400581,94625600
2021-05-28,121.35917663574219,122.51813430989525,121.30074429262824,122.29413127736017,71311100
2021-06-01,121.03778839111328,122.07987398745031,120.7066618606694,121.81692100329542,67637100
2021-06-02,121.79743194580078,121.97273640244447,120.81378617886122,121.03778177713107,59278900
2021-06-03,120.31707763671875,121.59289985456873,119.91777018909227,121.4273366140028,76229200
2021-06-04,122.60577392578125,122.86873431142617,120.61899267015994,120.83325448650514,75169300
2021-06-07,122.61551666259766,123.0245579005518,121.57343116760482,122.87846962118002,71057600
2021-06-08,123.43358612060547,125.1087231263275,122.91741402757391,123.29723905566723,74403800
2021-06-09,123.81340789794922,124.41723590564901,123.21932108902007,123.89132262739905,56877900
2021-06-10,122.82003021240234,124.84576874618693,122.654466972811,123.70628617695928,71186400
2021-06-11,124.02769470214844,124.11535064804697,122.81030467281765,123.2290871401218,53522400
2021-06-14,127.07603454589844,127.134466888619,123.75499846493855,124.48543247038134,96906500
2021-06-15,126.2579574584961,127.19291956440452,126.01447944620644,126.55013404538738,62746300
2021-06-16,126.754638671875,127.47533888931655,125.10873990323489,126.96890049704093,91815000
2021-06-17,128.35183715820312,129.09201968074376,126.26766637763058,126.41376207268152,96721700
2021-06-18,127.0565414428711,128.07913695617995,126.8422796555246,127.30001939569985,108953300
2021-06-21,128.8485565185547,128.95568742961305,125.8391720998025,126.90073257983343,79663300
2021-06-22,130.48471069335938,130.5821078265205,128.18627804148716,128.68298261560656,74783600
2021-06-23,130.21206665039062,130.81590235901706,129.75432669771394,130.2802476419782,60214200
2021-06-24,129.9296112060547,131.12751887622477,129.46212271856308,130.94247320751583,68711000
2021-06-25,129.63739013671875,130.3970400923511,129.34521364746473,129.9782651843007,70783700
2021-06-28,131.2638702392578,131.72161011019884,129.87118308436172,129.929615432019,62111300
2021-06-29,132.77342224121094,132.92925172484664,130.84508067855094,131.28333809814853,64556100
2021-06-30,133.3870086669922,133.8252661428457,132.32543317658508,132.6176097807272,63261400
2021-07-01,133.68885803222656,133.747290354245,132.21824191143713,133.03633900183303,52485800
2021-07-02,136.3087158203125,136.3476657575281,134.15636398642496,134.30244482687868,78852600
2021-07-06,138.3150177001953,139.4155284039409,136.4158918425872,136.4158918425872,108181800
2021-07-07,140.7984619140625,141.11010601971827,138.93828646790567,139.7953189039971,104911600
2021-07-08,139.50315856933594,140.30175867225685,137.00019762598444,137.88646110200742,105575500
2021-07-09,141.32437133789062,141.85027728075062,138.92854127199598,139.02593841657492,99890800
2021-07-12,140.73025512695312,142.50278173643568,140.24329922685985,142.39565084398657,76299700
2021-07-13,141.84056091308594,143.61308810901411,139.88300289690474,140.27256180158014,100827100
2021-07-14,145.25892639160156,145.66798238945225,143.82727498126442,144.2363309791151,127050800
2021-07-15,144.60647583007812,146.08682649960923,143.2527384989439,145.3466585952039,106820300
2021-07-16,142.57098388671875,145.85306272785598,142.07429409288326,144.58698895603396,93251400
2021-07-19,138.73373413085938,140.3114813657128,137.97408410918416,139.9998224538897,121434600
2021-07-20,142.3372344970703,143.26246279631377,139.23046766424767,139.71742366986297,96350000
2021-07-21,141.6068115234375,142.31777804675525,140.85690991607032,141.73342485019364,74993500
2021-07-22,142.97030639648438,144.3337774603304,142.00612801944465,142.1327413542018,77338200
2021-07-23,144.6843719482422,144.8402014430063,143.0871567787064,143.700726126391,71447400
2021-07-26,145.10316467285156,145.92124724515625,143.84680978043045,144.40194679352788,72434100
2021-07-27,142.94105529785156,145.3174027377309,141.7528815779119,145.22973937162135,104818600
2021-07-28,141.19776916503906,143.13585955365372,138.82142131266863,141.03220589476328,118931200
2021-07-29,141.84056091308594,142.72682451105,140.8082164410485,140.91534736894218,56699500
2021-07-30,142.0548095703125,142.51254941417247,140.35046351445212,140.61342392407167,70440600
2021-08-02,141.72366333007812,143.11635020883497,141.4607029570404,142.5417457565108,62880000
2021-08-03,143.5157012939453,144.17795445175804,141.39256498653242,142.00613442329242,64786600
2021-08-04,143.1163330078125,143.93441533592062,142.46381389891334,143.42799191035715,56368300
2021-08-05,143.2234649658203,143.9831149705437,142.35668407013773,143.14555023960324,46397700
2021-08-06,142.54074096679688,143.48685218422662,142.0433070322341,142.74557545925379,54126800
2021-08-09,142.4919891357422,143.08696622193483,141.93603523588163,142.59928057367807,48908700
2021-08-10,142.0140380859375,144.0720717018618,141.72142377939727,142.83334623786462,69023100
2021-08-11,142.26760864257812,143.1064282624458,141.94573444022404,142.45293150602257,48493500
2021-08-12,145.22303771972656,145.3791007055084,142.24815216632183,142.5895380873464,72282600
2021-08-13,145.4278564453125,145.75947909182239,144.61829653790267,145.30105342277125,59375000
2021-08-16,147.39810180664062,147.4663849394875,142.86263134674047,144.88164213986906,103296000
2021-08-17,146.49098205566406,147.9442754116722,145.41806793520456,146.52999034959836,92229700
2021-08-18,142.7553253173828,147.00794422226895,142.55049082276733,146.1106045300614,86326000
2021-08-19,143.0869598388672,144.35494544436725,140.94114605885855,141.45809163231115,86960300
2021-08-20,144.5402374267578,144.84260006919433,143.1649606824682,143.80870914358007,60549600
2021-08-23,146.0228271484375,146.4910011515847,144.24764444190524,144.65729855503196,60131800
2021-08-24,145.93502807617188,147.14449367144724,145.4766024407117,145.7692167650667,48606400
2021-08-25,144.70606994628906,146.61780402195117,144.15986446266652,146.12035519130814,58991300
2021-08-26,143.90625,145.44733817166107,143.87699005673284,144.6963131171606,48597200
2021-08-27,144.94017028808594,145.08647001894514,143.2137590490284,143.84774439339665,55802400
2021-08-30,149.3488311767578,149.70972863585897,144.94991248756867,145.33030665463397,90956700
2021-08-31,148.0906219482422,149.03673327230263,147.56391312712373,148.90018188960238,86453100
2021-09-01,148.75381469726562,151.1629820772436,148.58800342565723,149.06594053769027,80313700
2021-09-02,149.86578369140625,150.9094380524186,148.64656965264444,150.08036655286702,71115500
2021-09-03,150.499755859375,150.82163009154993,149.31955034140017,149.9730471583683,57808700
2021-09-07,152.83091735839844,153.3868712092461,150.58756059759483,151.1532776856572,82278300
2021-09-08,151.28981018066406,153.17226923823645,150.18763608775444,153.11374935418493,74420200
2021-09-09,150.2754364013672,152.26518694823613,150.15838174591684,151.66046161317462,57305700
2021-09-10,145.30105590820312,151.65071737057013,145.03770150418336,151.18254333907822,140893200
2021-09-13,145.86676025390625,147.6906995642944,145.08646034770857,146.92016289482572,102404300
2021-09-14,144.47195434570312,147.34931083330153,143.29176371635268,146.64704249063803,109296300
2021-09-15,145.35952758789062,145.75943323857632,142.76503735858526,144.90110206305175,83281300
2021-09-16,145.12547302246094,145.30104757606733,143.59414799108714,144.78410203525485,68034100
2021-09-17,142.4627227783203,145.15475696069768,142.17010842593353,145.15475696069768,129868800
2021-09-20,139.41954040527344,141.272739448902,137.79067253613061,140.25836010441694,123478900
2021-09-21,139.8974609375,141.03865814980705,139.2634757155347,140.38514645685206,75834000
2021-09-22,142.25787353515625,142.82357564689215,140.16081684875996,140.89234513594866,76404300
2021-09-23,143.21376037597656,143.45760318499043,142.05306622379317,143.03818581433492,64838200
2021-09-24,143.30154418945312,143.83800136075783,141.97503867631073,142.07258175581498,53477900
2021-09-27,141.7896728515625,142.3651530337308,140.2778597575895,141.88721590155166,74150700
2021-09-28,138.4149169921875,141.18496735666514,138.2003341585889,139.7219107001194,108972300
2021-09-29,139.31228637695312,140.89238314094982,138.531986350207,138.96115210906663,74602000
2021-09-30,138.0150146484375,140.82408826037346,137.80043180958225,140.12181985738948,89056700
2021-10-01,139.13668823242188,139.40004260947205,135.68388091891475,138.40515987182454,94639600
2021-10-04,135.71310424804688,138.70750000671873,134.86453634124737,138.26857120239484,98322000
2021-10-05,137.6345977783203,138.73677173382114,135.92769858570284,136.0545015739937,80861100
2021-10-06,138.50270080566406,138.64900052233625,134.96209883237336,136.035013031244,83221100
2021-10-07,139.76092529296875,140.66802820004892,139.20497147758243,139.53659409609236,61732700
2021-10-08,139.3805389404297,140.62901288949595,139.04891630336158,140.48271316225515,58773200
2021-10-11,139.29273986816406,141.24348200456123,138.31736879996546,138.76604603984862,64452200
2021-10-12,138.02476501464844,139.72191616043952,137.56633938704366,139.7024045703548,73035900
2021-10-13,137.43955993652344,137.9174823014052,135.77166862906188,137.76143421982243,78762700
2021-10-14,140.2193603515625,140.33641501765865,138.02477512030043,138.61000380183043,69907100
2021-10-15,141.27276611328125,141.33128600610704,139.97552058470157,140.2291266309253,67940300
2021-10-18,142.94061279296875,143.22346381420707,139.63410593501254,139.91695695625089,85589200
2021-10-19,145.09620666503906,145.49611240776287,142.94064476173952,143.38930715549284,76378900
2021-10-20,145.58389282226562,146.0618300447265,144.47197030405582,145.03768735830047,58418800
2021-10-21,145.79844665527344,145.95450958049068,144.22809881735165,145.14494989927837,61421000
2021-10-22,145.0279083251953,146.48120150945985,144.97913680130506,146.0032792710822,58883400
2021-10-25,144.9791717529297,145.69118854784608,143.98428898104416,145.0181800516583,50720600
2021-10-26,145.6424560546875,147.12500978003416,145.34007843670338,145.65220441024096,60893400
2021-10-27,145.1839599609375,146.04227620616098,144.83282585239843,145.68139374679356,56094900
2021-10-28,148.81240844726562,149.39762230558532,146.03259425054543,146.13013733509126,100077900
2021-10-29,146.11056518554688,146.2471165175258,142.80405839843382,143.59410645366754,124953200
2021-11-01,145.2913055419922,146.01307072992742,144.1598713388164,145.3205654883688,74588300
2021-11-02,146.3251495361328,147.8369774382172,144.98888125575905,144.99864449006242,69122000
2021-11-03,147.75894165039062,148.2271155108839,146.13007404821352,146.68602771699076,54511500
2021-11-04,147.24203491210938,148.6758168059769,146.92990900121129,147.84676026074618,60394600
2021-11-05,147.76951599121094,148.6681654176707,146.57782514412813,148.36536141475236,65463900
2021-11-08,146.9490203857422,148.0528033415094,146.6755190186912,147.89651258756408,55020900
2021-11-09,147.3103790283203,147.91598686060686,146.57778313905698,146.7145337755314,56787900
2021-11-10,144.48745727539062,146.64617992683026,144.4190894029692,146.5387319232798,65187100
2021-11-11,144.43861389160156,145.96241109507744,144.25302053135974,145.50333134171993,41000000
2021-11-12,146.5094757080078,146.90995029842682,144.05771091491658,144.98566310982142,63804000
2021-11-15,146.51919555664062,148.3555742437889,145.9624154592678,146.88060480284193,59222800
2021-11-16,147.4959716796875,147.97460635745318,145.87448920859703,146.4605718791386,59256200
2021-11-17,149.92822265625,151.40317727562876,147.48623592599793,147.49599850722544,88807000
2021-11-18,154.20655822753906,154.98799688592075,149.4984160214015,150.1431040324191,137827700
2021-11-19,156.82435607910156,157.28345067512842,152.8976381128572,153.99164315630802,117305600
2021-11-22,157.2834930419922,161.85488526610547,157.26395297389544,157.92816624213555,117467900
2021-11-23,157.66441345214844,158.0453627342285,155.36894027506222,157.3811346832133,96041900
2021-11-24,158.18211364746094,158.37746957878764,155.93548317544833,157.01972573471906,69463600
2021-11-26,153.17120361328125,156.7267364003775,152.73164889573968,155.8671670363227,76959800
2021-11-29,156.52157592773438,157.44952783966656,155.10521179906075,155.67175446958956,88748200
2021-11-30,161.46417236328125,161.67906839694083,156.2090119296681,156.2773947152438,174048100
2021-12-01,160.9464569091797,166.34813007275002,160.71202083002768,163.59356203535145,152052500
2021-12-02,159.9598846435547,160.38967666927002,154.13819694441963,155.0563862894109,136739200
2021-12-03,158.0844268798828,161.1320360204304,156.01362719703414,160.21384675586103,118023100
2021-12-06,161.48367309570312,163.98426461858526,160.46779847409405,160.47756105335333,107497000
2021-12-07,167.20770263671875,167.598429443289,164.4336093812365,165.15644279486372,120405400
2021-12-08,171.0172119140625,171.87679598965886,166.7388465074218,168.13567063026588,116998900
2021-12-09,170.50926208496094,172.64844463234323,169.8841141404718,170.85114615502485,108923700
2021-12-10,175.28579711914062,175.46162790674452,170.63625994665398,171.14419733842757,115402700
2021-12-13,171.66188049316406,177.90359710458122,171.4567470785072,176.9170250648393,153237000
2021-12-14,170.2845916748047,173.61546458889217,168.21379204713816,171.18324085105056,139380400
2021-12-15,175.13929748535156,175.33465344975855,168.31149697974806,171.04652519555987,131063300
2021-12-16,168.26260375976562,176.93654309930375,166.7876495307785,175.11970485668968,150185800
2021-12-17,167.16864013671875,169.44457351876034,165.75229083845704,165.98671202152144,195432700
2021-12-20,165.8108673095703,166.6216085377041,163.57401445003114,164.37497819410103,107499100
2021-12-21,168.97572326660156,169.18084181030284,165.1955175809284,167.57889907243998,91185900
2021-12-22,171.56419372558594,171.7790897184107,168.15517538914062,169.02452194022183,92135300
2021-12-23,172.18934631347656,172.74612637491737,171.20278915942293,171.76933180091095,68356600
2021-12-27,176.14537048339844,176.23327841950962,172.96102548062714,172.9805506410723,74919600
2021-12-28,175.1295166015625,177.12218615208815,174.38715798933583,175.9793381325386,79144300
2021-12-29,175.2174530029297,176.43844648209003,174.00622210590865,175.16861028282216,62348900
2021-12-30,174.0648193359375,176.379833000267,173.95737131856603,175.30535282655248,59773000
2021-12-31,173.4494171142578,175.07088475573076,173.14659828081136,173.95733955389892,64062300
2022-01-03,177.78640747070312,178.6362290402615,173.58620196027948,173.70341256103026,104487900
2022-01-04,175.52999877929688,178.69481886787932,174.96345608354855,178.39201490568885,99310400
2022-01-05,170.86093139648438,175.9891036993743,170.58743006603996,175.44210103848545,94537600
2022-01-06,168.00872802734375,171.23215427857738,167.6570812562145,168.69248149767625,96904000
2022-01-07,168.1747283935547,170.09901499255682,167.06118311991872,168.8780217142409,86709100
2022-01-10,168.1942901611328,168.4970941484729,164.26757109809446,165.15645789652865,106765600
2022-01-11,171.0172119140625,171.1148824378415,166.85607200254188,168.32126400156088,76138300
2022-01-12,171.4567108154297,173.06841552872177,170.76319517456298,172.03301590396939,74805200
2022-01-13,168.1942901611328,172.52148374355693,167.80356331883507,171.7009797317892,84505800
2022-01-14,169.05384826660156,169.7473640846977,167.1197842307582,167.36398288031089,80440800
2022-01-18,165.8597412109375,168.53614912039677,165.47879187832885,167.53005178287384,90956700
2022-01-19,162.37255859375,167.11001826086033,162.08929472408371,166.0550783276264,94815000
2022-01-20,160.6925048828125,165.74253213798244,160.37016081486053,163.1051891966637,91420500
2022-01-21,158.6411895751953,162.4702220155114,158.5337415899316,160.60454104625038,122848900
2022-01-24,157.8695526123047,158.53378075020058,151.11013516388041,156.30669005524535,162294600
2022-01-25,156.072265625,158.98310983768695,153.3763174519784,155.29082683573563,115798400
2022-01-26,155.98431396484375,160.57524507136318,154.15771304423117,159.70589857439398,108275300
2022-01-27,155.52528381347656,160.03807144259784,154.60709423073425,158.68032713963194,121954600
2022-01-28,166.37742614746094,166.39696621279427,159.02216399560837,161.86463986114418,179935700
2022-01-31,170.7241668701172,170.93906288440527,165.576454917367,166.21138037947398,115541600
2022-02-01,170.55810546875,170.78276405312576,168.31147491088436,169.97202274767105,86213900
2022-02-02,171.7595672607422,171.79864739328102,169.30781806090394,170.69486467196293,84914300
2022-02-03,168.8877716064453,172.15027672857178,168.12587305039293,170.43110878285196,89418100
2022-02-04,168.60418701171875,170.27664070855118,166.93173331488632,167.90977257243412,82465400
2022-02-07,167.8902130126953,170.1299162190593,167.19579861278513,169.0638570704662,77251200
2022-02-08,170.99061584472656,171.4992004689829,167.6652732075989,167.95868798788894,74829200
2022-02-09,172.4087371826172,172.77060688626915,171.05903840340724,172.18379236064646,71285000
2022-02-10,168.34010314941406,171.6263154743887,167.78262856301606,170.31574652168356,90865900
2022-02-11,164.93650817871094,169.27900403758753,164.34967876719554,168.54547473503922,98670700
2022-02-14,165.17124938964844,165.85587378073802,162.90219149496014,163.69440078491326,86185500
2022-02-15,168.99537658691406,169.1518664311418,166.5111637354937,167.2153531108256,62527400
2022-02-16,168.76063537597656,169.5332796330186,166.31553783336227,168.07601104878276,61177400
2022-02-17,165.17124938964844,168.13470669398032,164.77024977354867,167.274027503072,69589300
2022-02-18,163.62594604492188,166.7947832093295,162.54032203615824,166.09060878011084,82772700
2022-02-22,160.71139526367188,163.02934320107533,158.58903724171788,161.35688974047144,91162800
2022-02-23,156.5547332763672,162.50119815168253,156.241753586249,161.90459367562613,90009200
2022-02-24,159.16610717773438,159.27369208830245,148.66196063900136,149.22922517438823,141147500
2022-02-25,161.229736328125,161.49379611504713,157.33713033388693,160.2419073795577,91974200
2022-02-28,161.4938201904297,161.78723492110947,158.86289248069977,159.479061922758,95056600
2022-03-01,159.61598205566406,162.94132403155473,158.41299811175085,161.08304074169718,83474400
2022-03-02,162.9021759033203,163.6846100998314,159.3714544632476,160.77983303222933,79724800
2022-03-03,162.57943725585938,165.20058983386846,161.91437782369874,164.77025023720336,76678400
2022-03-04,159.5866241455078,161.9143617747294,158.54013016070306,160.87764280753723,83737200
2022-03-07,155.80165100097656,161.39603654297554,155.5473512521712,159.7724878532729,96418800
2022-03-08,153.98248291015625,159.30301816152476,152.37849933499598,155.33218168421902,131148300
2022-03-09,159.37147521972656,159.8213797915154,155.90922322313332,157.9337564869507,91454900
2022-03-10,155.03880310058594,156.86773192318665,152.5545747757299,156.68190205750494,105342000
2022-03-11,151.33200073242188,155.78208206231224,151.10705589580672,155.4397623739769,96970100
2022-03-14,147.31227111816406,150.7354085874783,146.80370143921206,148.12404550887342,108732100
2022-03-15,151.6841278076172,152.15359746728902,147.0775705652768,147.58614031104247,92964300
2022-03-16,156.08529663085938,156.48629634693546,151.06796490234913,153.6010832427781,102300200
2022-03-17,157.09263610839844,157.4642957434988,154.16830873861088,155.12678288189394,75615400
2022-03-18,160.3788604736328,160.86788006337628,156.25153394230247,156.98506332691767,123511700
2022-03-21,161.74815368652344,162.69685305700403,159.43019026159942,159.91920994025145,95811400
2022-03-22,165.1125946044922,165.6994092047397,161.2884575262128,161.87527212646032,81532000
2022-03-23,166.47206115722656,168.8486892835288,163.9682682338466,164.3008129085659,98062700
2022-03-24,170.24729919433594,170.31575418142768,166.47206709718986,167.30339150441574,90131400
2022-03-25,170.88299560546875,171.43069512284325,168.95625735233114,170.061446329407,80546200
2022-03-28,171.74368286132812,171.87081780430975,168.22273590773543,168.38900077447545,90371900
2022-03-29,175.02992248535156,175.07881251217484,172.467449330379,172.80976906031557,100589400
2022-03-30,173.86599731445312,175.6655854938626,172.8194884204446,174.62886654102215,92633200
2022-03-31,170.775390625,174.1202822188197,170.56999586828974,173.93445242077016,103049300
2022-04-01,170.48199462890625,171.0394840841696,168.16404671715162,170.20814487239906,78751300
2022-04-04,174.52130126953125,174.5702062097959,170.60914482743888,170.7362946873885,76468400
2022-04-05,171.21554565429688,174.38439814013864,170.58960114244232,173.60196376939686,73401800
2022-04-06,168.05645751953125,169.81693085468368,166.39379406221198,168.57481703992445,89058800
2022-04-07,168.35968017578125,169.5528892849942,166.11997680279987,167.40120586506256,77594700
2022-04-08,166.3546905517578,168.00757925318007,165.48423622614246,168.00757925318007,76575500
2022-04-11,162.11000061035156,165.31796805598518,161.8654908055094,165.00500326610816,72246700
2022-04-12,163.97804260253906,166.13950070260202,162.9804385205217,164.33013728303388,79265200
2022-04-13,166.6578826904297,167.28382721520924,163.10761035124472,163.71398991233582,70618900
2022-04-14,161.66009521484375,167.50878046321276,161.4155854111937,166.87304601950618,75329400
2022-04-18,161.44491577148438,162.94131434841603,159.97785717263437,160.3201618914843,69023900
2022-04-19,163.7237548828125,164.1345444765827,160.31040765157212,161.39603175237912,67723800
2022-04-20,163.55747985839844,165.17125338034182,162.45230578739907,165.05387853639598,67929800
2022-04-21,162.7653045654297,167.76308617115384,162.26650987641895,165.2006278854853,87227800
2022-04-22,158.23690795898438,164.18338629543857,157.9532832428045,162.8043627806477,84882400
2022-04-25,159.30303955078125,159.58666436994497,154.98010780953732,157.5816809008669,96046400
2022-04-26,153.35658264160156,158.77491441254102,153.27833769787176,158.6868944472314,95623200
2022-04-27,153.131591796875,156.28086402556207,151.96772285920957,152.48608239761126,88063200
2022-04-28,160.0463409423828,160.90702025080918,155.4397695467575,155.7527492675287,130216800
2022-04-29,154.18783569335938,162.5500717654253,153.79662607980254,158.28582131341926,131747600
2022-05-02,154.49107360839844,154.7551334388098,149.9040675207667,153.2685246478865,123055300
2022-05-03,155.97769165039062,157.18069064394373,152.88709903691972,154.67689768841237,88966500
2022-05-04,162.37405395507812,162.8239435793619,155.76250015329012,156.16349976201118,108256500
2022-05-05,153.32720947265625,160.47667363266967,151.5471709663278,160.25172879543595,130525300
2022-05-06,154.05198669433594,156.16765847712838,151.01560506464577,152.80804796848787,116124600
2022-05-09,148.9391632080078,152.6317930294346,148.3808694909006,151.7502553954864,131577900
2022-05-10,151.33883666992188,153.52307898712107,149.7912627423493,152.32811702969943,115366700
2022-05-11,143.49325561523438,152.25956414663153,142.81741468212965,150.3495886480442,142689800
2022-05-12,139.63412475585938,143.19941752795359,135.95129962230052,139.8398213340432,182602000
2022-05-13,144.09078979492188,145.0604769189751,140.17288376006098,141.62250480818437,113990900
2022-05-16,142.5529327392578,144.49230601105745,141.22084476017127,142.56273706460962,86643800
2022-05-17,146.17703247070312,146.69615365751025,143.66956086149628,145.80482673464496,78336300
2022-05-18,137.9298553466797,144.33562356857507,137.02872402723415,143.83609605190958,109742900
2022-05-19,134.53103637695312,138.7525756020971,133.79642936713128,137.00910949443605,136095600
2022-05-20,134.76614379882812,137.81231576353846,129.88835589129073,136.23535828446418,137426100
2022-05-23,140.17283630371094,140.31975175202894,134.82488980062982,134.96201586760006,117726300
2022-05-24,137.47926330566406,139.05622039365426,134.51145197634384,137.92002455292192,104132700
2022-05-25,137.63595581054688,138.8798794260536,135.5006906054065,135.58883984827878,92482700
2022-05-26,140.82907104492188,141.37757526410218,134.32535040420584,134.57021942674126,90601500
2022-05-27,146.5688018798828,146.60797434750936,142.27869181225157,142.4060284868712,90978500
2022-05-31,145.7852325439453,147.56788638378129,143.82628016379354,146.01052282850958,103718400
2022-06-01,145.6579132080078,148.62572491730577,144.6490389655957,146.8234773391278,74286600
2022-06-02,148.10659790039062,148.16536407915592,143.8458705924634,144.79596367082308,72348100
2022-06-03,142.39620971679688,144.93304868576854,141.4950936911797,143.8850023092343,88570300
2022-06-06,143.14064025878906,145.52077501341512,141.92608448379778,144.01237341190438,71598400
2022-06-07,145.6579132080078,145.94195473174813,141.14252729935507,141.3873963509184,67808200
2022-06-08,144.92332458496094,146.79411301945456,144.43358641921046,145.5305951278923,53950200
2022-06-09,139.7124786376953,144.91349464755012,139.60473566244548,144.06135517233236,69473000
2022-06-10,134.31556701660156,137.87105521943323,134.24699651333503,137.40091085996173,91437900
2022-06-13,129.17327880859375,132.42513083188678,128.7423070468719,130.14295032685266,122207100
2022-06-14,130.03524780273438,131.1420606306549,128.7815195311164,130.39766413988795,84784300
2022-06-15,132.65045166015625,134.52125474775525,129.4475753177957,131.5338494146611,91533000
2022-06-16,127.39066314697266,129.6728443246095,126.39159330904647,129.36920911544067,108123900
2022-06-17,128.85986328125,130.3486710219844,127.14578023984714,127.40045357119396,134520300
2022-06-21,133.0814208984375,134.24699991857628,130.58376865027734,130.68170729877417,81000500
2022-06-22,132.57211303710938,134.93263938077834,131.16166488175563,132.0235937967665,73409200
2022-06-23,135.43218994140625,135.74561458048865,132.84637315008302,134.01195231906672,72433800
2022-06-24,138.75259399414062,138.99746302987265,136.90138468183136,137.0287064173905,89116800
2022-06-27,138.75259399414062,140.5450371291734,138.0767530642211,139.7712426067131,70207900
2022-06-28,134.6191864013672,140.47644880841756,134.50165406172098,139.212931320367,67083400
2022-06-29,136.3724365234375,137.78288432606877,133.86498040570075,134.63877479951915,66242400
2022-06-30,133.91400146484375,135.53013138802967,131.0245493574635,134.4331227102609,98964500
2022-07-01,136.07862854003906,136.1863715256026,132.87575195629162,133.24794276909347,71051600
2022-07-05,138.6546630859375,138.70363989022064,134.11968301964518,134.94245447298385,73353800
2022-07-06,139.98670959472656,141.16207781793045,138.18447732277275,138.44894003031942,74064300
2022-07-07,143.34632873535156,143.54222096010838,140.33933002838788,140.34911940865916,66253700
2022-07-08,144.0221710205078,144.5217134378149,142.02404618814074,142.27870461467543,64547800
2022-07-11,141.89674377441406,143.63042121759918,140.8291180666365,142.6803278972837,63141600
2022-07-12,142.8663787841797,145.40321819395862,142.07300556646354,142.768425199881,77588800
2022-07-13,142.50401306152344,143.4443019452147,139.20316774910646,140.05532229787818,71185600
2022-07-14,145.4228515625,145.89299601499977,140.30998393649415,141.12295108192205,78140700
2022-07-15,147.08795166015625,147.763792686889,145.15838218653053,146.7059565075189,76259900
2022-07-18,144.05154418945312,148.4591862413332,143.6891279021673,147.64621935829007,81420900
2022-07-19,147.90087890625,148.1261542059037,143.89482557447934,144.88409097349603,82982400
2022-07-20,149.89898681640625,150.56503820748694,147.28378792798063,148.01839486109847,64823400
2022-07-21,152.16159057617188,152.37707647482438,148.82157409267467,151.32903006359481,65086600
2022-07-22,150.92750549316406,153.07256106692492,150.2614687565271,152.20082772301902,66675400
2022-07-25,149.8108673095703,151.85796878260385,149.15462011252404,150.84910958984113,53623900
2022-07-26,148.4886016845703,149.94801169458665,147.70501771546552,149.13504463438227,55138700
2022-07-27,153.57203674316406,154.10096215711584,149.0370729884084,149.44845111836102,78620700
2022-07-28,154.12057495117188,154.40461645264705,151.24091273921562,153.7581586202447,81378700
2022-07-29,159.17466735839844,160.27169083424704,156.22644946059978,157.93074338059327,101786900
2022-08-01,158.1951904296875,160.2325026515257,157.58791998844677,157.7054523459462,67829400
2022-08-02,156.7259979248047,159.076750020311,156.35380709254014,156.81416215078264,59907000
2022-08-03,162.72039794921875,163.17094866506537,157.45081082004532,157.53896009762985,82507500
2022-08-04,162.4069061279297,163.75858773192834,161.05522452393103,162.6027983303137,55474100
2022-08-05,162.1813507080078,162.67176904705062,159.87637852795464,160.0823608155598,56697000
2022-08-08,161.71054077148438,164.59420304327227,161.05338198319762,163.18179581085533,60276900
2022-08-09,161.75961303710938,162.6423751902944,160.12161727807143,160.8768658503071,63135500
2022-08-10,165.99684143066406,166.0949161402945,163.70167172283962,164.46672330332,70170500
2022-08-11,165.26121520996094,167.71330746798904,164.9669611457209,166.80112136548323,57149200
2022-08-12,168.80198669433594,168.87063747457046,166.1537158722437,166.5656804191666,68039400
2022-08-15,169.8711395263672,170.06730390664768,168.06640328157403,168.2331437531316,54091700
2022-08-16,169.7141571044922,170.38113378052608,168.37041574061854,169.4689479524639,56377100
2022-08-17,171.2050323486328,172.77436193637106,169.2629800618565,169.45914438952641,79542000
2022-08-18,170.81268310546875,171.5483105348056,169.8024226331564,170.42035446304044,62290100
2022-08-19,168.23313903808594,170.41059802085272,168.0271567164156,169.71419727903458,70346300
2022-08-22,164.35882568359375,166.6049353146799,163.93705808753546,166.43819485878106,69026800
2022-08-23,164.02529907226562,165.4769480040651,163.4564120530002,163.87817957003261,54147100
2022-08-24,164.31956481933594,164.88845187937156,163.06409508904346,164.11359750144874,53841500
2022-08-25,166.77166748046875,166.87956011908489,165.1238689631101,165.5456215718219,51218200
2022-08-26,160.48446655273438,167.77208967610682,160.42561875617696,167.30129233726979,78961000
2022-08-29,158.2873992919922,159.7782599974509,156.75729674532928,158.06179612101135,73314000
2022-08-30,155.86476135253906,159.44480926961938,154.6975633016655,159.02305667853338,77906200
2022-08-31,154.2071075439453,157.502718607711,154.12863883214416,157.2378885761792,87991100
2022-09-01,154.93296813964844,155.38414463005734,151.70600708998924,153.63825654168207,74229900
2022-09-02,152.8241729736328,157.2869832188541,152.00027368828214,156.6886721974106,76957800
2022-09-06,151.56869506835938,154.07963464254792,150.7447958267751,153.4715206737186,73714800
2022-09-07,152.97132873535156,153.66771454965397,150.66635604545868,151.85317527366345,87449600
2022-09-08,151.5000457763672,153.36362955067995,149.75414265238146,151.67658920142858,84923800
2022-09-09,154.35427856445312,154.79566708651402,151.7844910019974,152.49069467763707,68028800
2022-09-12,160.2981414794922,161.11223777090294,156.24729591423596,156.53173198406338,104956000
2022-09-13,150.89190673828125,157.46350930410847,150.43091231518306,156.8357744463717,122656600
2022-09-14,152.33375549316406,154.08946168271527,150.66633598686377,151.82371618505977,87965400
2022-09-15,149.45008850097656,152.2651001071562,148.4790697119515,151.68639505914092,90481100
2022-09-16,147.8120880126953,148.44964084888636,145.52673670084437,148.31232430924803,162278800
2022-09-19,151.5196533203125,151.5981220543988,146.24276190884032,146.44872924023372,81474200
2022-09-20,153.89324951171875,155.05064442927653,150.1464616536784,150.46032156880005,107689800
2022-09-21,150.7742462158203,155.69805153828966,150.65655057959955,154.32487092805448,101696800
2022-09-22,149.81300354003906,151.50984684718208,148.0180705759549,149.4599017279835,86652500
2022-09-23,147.54722595214844,148.56730428254153,145.71306650576898,148.2926712627535,96029900
2022-09-26,147.88076782226562,150.82327820825114,146.77241745430226,146.7920383807957,93339400
2022-09-27,148.85177612304688,151.75505941669135,147.07646404392761,149.81300689014782,84442700
2022-09-28,146.96856689453125,147.75323924438212,142.06438341593866,144.81072915722658,146691400
2022-09-29,139.7496337890625,143.9083875278427,137.98412442041132,143.30027345445623,128138200
2022-09-30,135.55160522460938,140.35771319334796,135.35544091221504,138.5725835278908,124925300
2022-10-03,139.7201690673828,140.32829792951577,135.05139229305564,135.5614315097669,114311700
2022-10-04,143.30020141601562,143.4178969926313,141.49545109844763,142.2506993032743,87830100
2022-10-05,143.594482421875,144.55571313373582,140.26944671107276,141.3091461524557,79471000
2022-10-06,142.64306640625,144.71263233032042,142.43709909152813,143.0157891213956,68402200
2022-10-07,137.40542602539062,140.35775442140775,136.77769106151405,139.80847323243142,85925600
2022-10-10,137.72906494140625,139.17089585032406,135.91452632499212,137.72906494140625,74899000
2022-10-11,136.31663513183594,138.64122751644086,135.5712048751416,137.2190028003739,77033700
2022-10-12,135.68894958496094,137.67024396939837,135.51240615749046,136.46381898254117,70433700
2022-10-13,140.24981689453125,140.83830981626429,131.79499606499104,132.40312487373902,113224000
2022-10-14,135.72816467285156,141.75050040665323,135.54180333634727,141.54451814883853,88598000
2022-10-17,139.6809844970703,140.16158499262147,137.5819941601383,138.3666666620457,85250900
2022-10-18,140.99530029296875,143.88876607092178,137.91547311478982,142.70196183745628,99136600
2022-10-19,141.10316467285156,142.1722730567363,138.78838952105372,138.974750883936,61758300
2022-10-20,140.6421661376953,143.09425775385319,139.91634163141597,140.2792613677454,64522000
2022-10-21,144.44781494140625,145.0167019837592,139.916339525803,140.13212478208789,86548600
2022-10-24,146.58602905273438,147.35108041478094,143.20214572577777,144.36934369172494,75981900
2022-10-25,149.42066955566406,149.5678040506047,146.49778017936205,147.2137868289863,74732300
2022-10-26,146.4879913330078,149.0774000501519,145.20308247196704,148.06713927955596,88194300
2022-10-27,142.02516174316406,146.1937178528811,141.36800292889203,145.23250204640354,109180200
2022-10-28,152.75552368164062,154.48179100593666,144.98729827273644,145.36000606754794,164762400
2022-10-31,150.40150451660156,151.2842665764986,149.0087181195706,150.22496108445085,97943200
2022-11-01,147.7630615234375,152.47108127109797,146.27220032701106,152.10817643552318,80379300
2022-11-02,142.25074768066406,149.25392123210702,142.2213237765035,146.0956258102425,93604600
2022-11-03,136.21861267089844,140.0634909361085,136.09109910411752,139.33766635298934,97918500
2022-11-04,135.9533233642578,140.16808578570755,132.02346880241154,139.59825507529519,140814800
2022-11-07,136.48388671875,136.70984922405512,133.29087896117363,134.70562941235488,83374600
2022-11-08,137.05368041992188,138.94982808586678,135.07893386231837,137.94772594743225,89908500
2022-11-09,132.5048828125,136.12035725287217,132.2297941583769,136.07123106652006,74917800
2022-11-10,144.29446411132812,144.29446411132812,137.05371017047622,138.7632027049217,118854000
2022-11-11,147.07479858398438,147.37935990276293,141.83826577346156,143.26284999283982,93979700
2022-11-14,145.67970275878906,147.644629976999,144.84460269456784,146.3576050476643,73374100
2022-11-15,147.4088592529297,150.89660867721872,145.95481705312972,149.5506380930854,89868300
2022-11-16,146.18075561523438,147.2418181251695,144.70706018330316,146.51480463978803,64218300
2022-11-17,148.0769500732422,148.8236171893066,143.5870831617381,143.8621718356149,80389400
2022-11-18,148.6369171142578,150.022194440957,147.3400729082456,149.63903422199823,74829600
2022-11-21,145.4144287109375,147.7330433535175,145.12952086958856,147.5267343973142,58724100
2022-11-22,147.54638671875,147.7821833963105,144.353379792247,145.5323481888436,51804100
2022-11-23,148.4208221435547,149.16748927839564,146.72114887646376,146.82922050043365,58301400
2022-11-25,145.5127410888672,146.26924255314506,144.54009634908132,145.7092308871806,35195900
2022-11-28,141.69093322753906,144.06849387144769,140.8656672171658,142.5947981424062,69246000
2022-11-29,138.6944122314453,142.27057984792378,137.8887997144492,141.7596944766532,83763800
2022-11-30,145.43411254882812,146.11201495746124,138.0852876520207,138.92037287256267,111380900
2022-12-01,145.70919799804688,146.51482547786148,144.03901260255705,145.61096061666942,71250400
2022-12-02,145.21798706054688,145.40465760065473,143.09586143280922,143.40043783526434,65447400
2022-12-05,144.05865478515625,148.2734173934748,143.21373541725012,145.17866278529172,68826400
2022-12-06,140.4038848876953,144.71689974436399,139.43124046996064,144.49093730068225,64727200
2022-12-07,138.4684600830078,140.85584008868295,137.5449416476374,139.69653991914743,69721100
2022-12-08,140.14846801757812,141.00322179654424,138.62566097989853,139.8635600853956,62128300
2022-12-09,139.66705322265625,143.01725827820258,138.42913927736055,139.84388950557997,76097000
2022-12-12,141.9561767578125,141.96599599737974,138.58631867677312,140.19755844692216,70462700
2022-12-13,142.91900634765625,147.34009332894186,141.71058010364294,146.87833415604433,93886200
2022-12-14,140.6986541748047,144.08815144991274,138.68460028950005,142.80112620848055,82291200
2022-12-15,134.1063232421875,139.31338494507114,133.64456400681874,138.63548245096763,98931900
2022-12-16,132.15118408203125,135.23611943482993,131.38486361161162,134.29296269794702,160156900
2022-12-19,130.04873657226562,132.82911109974094,129.01716151047765,132.74069295008061,79592600
2022-12-20,129.97996520996094,130.91330283228723,127.6122238272619,129.08591954394805,77432800
2022-12-21,133.07469177246094,134.4108428696223,130.42204304769788,130.64800547841642,85928000
2022-12-22,129.9111785888672,132.20032094511618,128.0150307307424,131.99401195090732,77852100
2022-12-23,129.5476837158203,130.09786107261186,127.36661277196195,128.62416529925937,63814900
2022-12-27,127.7497329711914,129.10553745425895,126.46270813173636,129.07606474734044,69007800
2022-12-28,123.82971954345703,128.73221106602657,123.66270252163467,127.39605990024205,85438400
2022-12-29,127.33711242675781,128.19185099265815,125.49008349000029,125.74551863845643,75703700
2022-12-30,127.65152740478516,127.67118088033511,125.19537514897438,126.15819306959533,77034200
2023-01-03,122.87673950195312,128.6044974020352,121.99252063798394,127.9953746812147,112117500
2023-01-04,124.14412689208984,126.4037966398773,122.886574422074,124.66483150899292,89113600
2023-01-05,122.82760620117188,125.5293813261351,122.57217104073682,124.90060516942826,80962700
2023-01-06,127.34695434570312,128.00520329992693,122.699904718632,123.80026688503307,87754700
2023-01-09,127.86764526367188,131.07048653770673,127.6122100970975,128.18204084518473,70790800
2023-01-10,128.43746948242188,128.958174020526,125.87323874198964,127.9757103650532,63896200
2023-01-11,131.14910888671875,131.16874737067045,128.1722445262406,128.94838439618852,69458900
2023-01-12,131.07049560546875,131.90558081812333,129.13504077259947,131.5322547782573,71379600
2023-01-13,132.39682006835938,132.55401787873402,129.35119119619432,129.71469801537842,57809700
2023-01-17,133.55612182617188,134.88243886666353,131.77786487384603,132.4655864864573,63646600
2023-01-18,132.83892822265625,136.1792989256054,132.6620769549058,134.42069543585905,69672800
2023-01-19,132.8978729248047,133.86068318245066,131.4241773301355,131.72873868777404,58280400
2023-01-20,135.45225524902344,135.59963378756996,131.8662690124696,132.9076780568954,80223600
2023-01-23,138.63543701171875,140.80668812964507,135.4817223092692,135.69786549716068,81760300
2023-01-24,140.03054809570312,140.64950501564115,137.83965827143598,137.84947751147084,66435100
2023-01-25,139.37232971191406,139.93232634052288,136.37581181311944,138.41933852785135,65799300
2023-01-26,141.4354705810547,141.72037843724186,139.4115829133593,140.6593159193217,54105100
2023-01-27,143.3709259033203,144.64813175929368,140.57091324840124,140.64951214628343,70555800
2023-01-30,140.49232482910156,142.99761054282715,140.34496125408572,142.41796049282078,64015300
2023-01-31,141.75970458984375,141.80883078137197,139.78495761656453,140.19759064122545,65874500
2023-02-01,142.8796844482422,144.0389993752098,138.8417731528238,141.44529588395375,77663600
2023-02-02,148.1752166748047,148.52888929698446,145.5716782733727,146.28887274258696,118339000
2023-02-03,151.7906494140625,154.62014981197694,145.23761799882098,145.43410775063012,154357300
2023-02-06,149.06918334960938,150.4151685448772,148.13584601851642,149.89446408675576,69858300
2023-02-07,151.93797302246094,152.50780364669458,147.99829981686307,147.99829981686307,83322600
2023-02-08,149.2559051513672,151.86926257026718,148.51905726950346,151.18154087876943,64120100
2023-02-09,148.2243194580078,151.62365104865805,147.78221371418798,151.08329292122983,56007100
2023-02-10,148.58836364746094,148.9130734935689,146.8270751036462,147.0632318137508,57450700
2023-02-13,151.38282775878906,151.7862414824205,148.49980618651492,148.52932389765635,62199000
2023-02-14,150.7432403564453,151.3041068890254,148.4407688328002,149.68055772689488,61707600
2023-02-15,152.83909606933594,153.00636811059493,150.42838780610393,150.6546952720313,65573800
2023-02-16,151.24508666992188,153.82306709582505,150.8908590911332,151.0482818929642,68167900
2023-02-17,150.10366821289062,150.5464488832577,148.4309328947845,149.90687847207133,59144100
2023-02-21,146.0989532470703,148.87373860585663,146.0300835825423,147.79137232815333,58867200
2023-02-22,146.52206420898438,147.54538003263738,144.80012742797703,146.48269724609548,51011300
2023-02-23,147.00418090820312,147.92910925221886,144.8788305804024,147.6831183102613,48394200
2023-02-24,144.3573455810547,144.8296440334222,143.38321594733068,144.75092512234477,55469600
2023-02-27,145.54794311523438,146.77789803104127,145.08547886576312,145.34131909727375,44998500
2023-02-28,145.04612731933594,146.68934528974674,144.47542643511753,144.69189970203135,50547000
2023-03-01,142.97976684570312,144.8689754008769,142.68457472462396,144.47539591550134,55479000
2023-03-02,143.5701446533203,144.35731860288683,141.59236804059648,142.06468141879296,52238100
2023-03-03,148.60806274414062,148.68678165578146,144.96739941181147,145.66600535471582,70732300
2023-03-06,151.36317443847656,153.7935665673354,150.9991125857975,151.32380747304748,87558000
2023-03-07,149.16893005371094,151.55995507278075,148.70646582947896,151.2352451910372,56182000
2023-03-08,150.41854858398438,151.00893289820618,149.39523278864294,150.35951315538156,47204800
2023-03-09,148.1750946044922,152.0617483379844,147.8208670608722,151.09746808583355,53833600
2023-03-10,146.11863708496094,148.5195113692859,145.24290982690115,147.80122193638456,68572400
2023-03-13,148.05703735351562,150.6842189540097,145.33145336527863,145.43968998615728,84457100
2023-03-14,150.14306640625,150.94007486124426,147.69300560224534,148.8540759406075,73695900
2023-03-15,150.53662109375,150.7924462663543,147.51584514285557,148.76548332238644,77167900
2023-03-16,153.3507843017578,153.9510028988609,149.20828955550553,149.71995500240442,76161100
2023-03-17,152.51437377929688,154.22647602550626,151.80591871287191,153.5770563789343,98944600
2023-03-20,154.8759002685547,155.28917828804447,151.67801783277878,152.58327776546486,73641400
2023-03-21,156.72572326660156,156.84379409579418,154.0296575586552,154.79716299068696,73938300
2023-03-22,155.2989959716797,159.53987720924363,155.27931249330243,156.74542384346483,75701800
2023-03-23,156.38136291503906,158.9593583364734,155.15140813839363,156.28297554136526,67622100
2023-03-24,157.68020629882812,157.76875944157217,155.31869907440637,156.31249715364865,59196500
2023-03-27,155.74179077148438,158.19186606543823,155.33836200567538,157.37517430078694,52390300
2023-03-28,155.1218719482422,155.9484128704115,153.4786543640599,155.4367475403247,45992200
2023-03-29,158.19186401367188,158.46737267599337,156.7946372221569,156.8143056879684,51305700
2023-03-30,159.75634765625,159.86458426430409,158.68383082177425,158.93965597985908,49501700
2023-03-31,162.255615234375,162.3540176143248,159.31357325147573,159.8350728342002,68749800
2023-04-03,163.50526428222656,163.62333513475417,161.58653785817188,161.63573905142377,56976200
2023-04-04,162.97390747070312,164.16449510354033,162.46224215834394,163.92835343175463,46278300
2023-04-05,161.13389587402344,162.4032175003463,159.2053353608918,162.09819114468434,51511700
2023-04-06,162.0194854736328,162.31467762112032,159.40213812085784,159.8252353547828,45390100
2023-04-10,159.43170166015625,159.43170166015625,157.51297467112607,158.8314829595775,47716900
2023-04-11,158.2213897705078,159.75637097122245,157.93603184667685,159.7465367378167,47644200
2023-04-12,157.5326385498047,159.46119953470492,157.21776287074414,158.6346733983191,50133100
2023-04-13,162.90505981445312,163.14121655398105,158.83144989570576,159.0380889195549,68445600
2023-04-14,162.56068420410156,163.6528847449455,161.19297496954,161.9506163702145,49386500
2023-04-17,162.58033752441406,162.7377753387549,161.39958394505072,162.44258319038994,41516200
2023-04-18,163.8004608154297,164.7253892225956,162.99360326395418,163.43639900098648,49923000
2023-04-19,164.9418487548828,165.46334834295578,162.8853530999642,163.14119328481948,47720200
2023-04-20,163.97760009765625,165.17803741907238,162.905082905045,163.42658264141926,52456400
2023-04-21,162.37371826171875,163.78077935638615,161.85221862385353,162.4032359760057,58337300
2023-04-24,162.67874145507812,162.9444158925364,161.26183114076272,162.35403159020615,41949600
2023-04-25,161.14373779296875,163.64299896057264,161.10437083745688,162.54096443175132,48714100
2023-04-26,161.13389587402344,162.62952495549953,160.18929909610858,160.44512426219072,45498800
2023-04-27,165.7093505859375,165.85693915334915,162.5409858833323,162.5409858833323,64902300
2023-04-28,166.95899963378906,167.12628672150765,165.18787649470852,165.78809511844986,55275900
2023-05-01,166.8704071044922,167.71661652166532,165.93564455408003,166.56538074727197,52472900
2023-05-02,165.83724975585938,167.6182368189597,164.85328597063295,167.3623966257795,48425700
2023-05-03,164.7647247314453,168.17908009941613,164.47938185396285,166.7818533947913,65136000
2023-05-04,163.13137817382812,164.36133312270948,161.6751157183002,162.24581661627295,81235400
2023-05-05,170.78660583496094,171.504895212846,168.02165491497223,168.23812815446027,113453200
2023-05-08,170.7177276611328,171.06212101363838,169.35001851271124,169.71408033203093,55962800
2023-05-09,169.01547241210938,170.7570775926942,168.84820036158354,170.27494492179522,45326900
2023-05-10,170.77676391601562,171.23922812803062,169.14338031673282,170.24543004162442,53724500
2023-05-11,170.96368408203125,171.79020994413887,169.4090197142991,171.06208645260807,49514700
2023-05-12,170.03753662109375,171.5056611983073,168.4905692075404,171.07211580763337,45533100
2023-05-15,169.54486083984375,170.66813061172948,168.95365989259247,170.61886136031444,37266700
2023-05-16,169.54486083984375,170.5991506527755,169.2788189100942,169.4660330445526,42110300
2023-05-17,170.15574645996094,170.39221479568312,167.91905489711874,169.19013234108013,57951600
2023-05-18,172.4811248779297,172.66833901247392,170.04737119858373,170.46120584790356,65496700
2023-05-19,172.58949279785156,173.80143807257875,172.3727201425523,173.80143807257875,55809500
2023-05-22,171.64358520507812,172.14611049896482,170.90459157041087,171.42681253611994,43570900
2023-05-23,169.0423126220703,170.83561089353927,168.76642289336164,170.58927970470205,50747300
2023-05-24,169.31822204589844,169.8897122746601,168.0176010356781,168.57922839342694,45143500
2023-05-25,170.45135498046875,171.34798918728478,169.17042964019168,169.87986475065702,56058300
2023-05-26,172.8555450439453,173.19056694623742,170.5695990272421,170.77652387763237,54835000
2023-05-30,174.69805908203125,176.36326010445526,173.97877631528465,174.36305231777783,55964400
2023-05-31,174.64883422851562,176.71802248155805,174.16601962684186,174.72766202276017,99625300
2023-06-01,177.4471435546875,177.47670209655325,174.33351350934285,175.09221783191245,68901800
2023-06-02,178.29452514648438,179.11234656032465,176.62932377666553,178.37335293714096,61996900
2023-06-05,176.94464111328125,182.2358308287415,175.4272324012079,179.949884959394,121946500
2023-06-06,176.580078125,177.476712338109,174.8261860088602,177.32891962025158,64848400
2023-06-07,175.21046447753906,178.5507149734009,174.71780207381394,175.82136104700194,61944600
2023-06-08,177.9201202392578,178.18614713091944,174.85575927069235,175.2892895872439,50214900
2023-06-09,178.30438232421875,179.55573399442156,177.9792233362159,178.83645110058313,48900000
2023-06-12,181.0928497314453,181.19138823156914,178.31424143935143,178.60984190485868,54274900
2023-06-13,180.61988830566406,181.4475575367352,179.76266053311636,180.11737806569877,54929100
2023-06-14,181.25048828125,181.68403358526143,179.34881869349235,180.67899811094975,57462900
2023-06-15,183.28024291992188,183.78276814166122,181.08297303806762,181.26033930305263,65433200
2023-06-16,182.20626831054688,184.245897953939,181.56581317602513,183.98970387223915,101256200
2023-06-20,182.29493713378906,183.36895259993452,181.7037512704965,181.7037512704965,49799100
2023-06-21,181.26036071777344,182.68907870149724,179.91045548906328,182.1865534203878,49515700
2023-06-22,184.2557373046875,184.3050065515812,180.97460392176268,181.0435838743865,51245300
2023-06-23,183.94044494628906,184.80753566864925,182.29495416898448,182.82703803401998,53117000
2023-06-26,182.5511016845703,185.29030300231886,182.51168027914116,184.08820572936608,48088700
2023-06-27,185.3001708984375,185.6253298715582,182.94524533692336,183.1620179856705,50730800
2023-06-28,186.47271728515625,187.11317238738192,184.84693738882143,185.17208134019785,51216800
2023-06-29,186.80776977539062,187.28073661729,186.16731451659385,186.30525942009777,46347300
2023-06-30,191.12347412109375,191.6259844129726,188.4532369978983,188.8178174385461,85213200
2023-07-03,189.63563537597656,191.03479491877454,188.94589592351636,190.9362564156046,31458200
2023-07-05,188.52218627929688,190.14796610334872,187.82259909124357,188.75866963191964,46920300
2023-07-06,188.9951934814453,189.20211835514803,186.423494526132,187.0541019502193,45094300
2023-07-07,187.88174438476562,189.84254634486774,187.4482140588147,188.601042385603,46815000
2023-07-10,185.84213256835938,187.20188576037833,184.29516523716504,186.4825877482977,59922200
2023-07-11,185.31988525390625,186.5219826806886,183.86160879849567,186.384037813756,46638100
2023-07-12,186.98507690429688,188.88674640306317,185.7041517573503,186.89638625272656,60750200
2023-07-13,187.7438201904297,188.384290465804,186.99497859777333,187.7044138054968,41342300
2023-07-14,187.89157104492188,188.37437052971225,186.8471292596261,187.4383150637318,41616200
2023-07-17,191.14315795898438,191.46831693797242,188.9951421376018,189.08381775872684,50520200
2023-07-18,190.8870086669922,191.47820968287988,189.5962353183327,190.51259538947195,48288200
2023-07-19,192.2368621826172,195.3209183853995,189.82280454932882,190.26621270882248,80507300
2023-07-20,190.2957763671875,193.58675746858663,189.6750169550875,192.22700448393437,59581200
2023-07-21,189.1232452392578,192.10877819186132,188.4236580132484,191.25155042374644,71951700
2023-07-24,189.92137145996094,192.04967681854123,189.42870901778204,190.57168949200457,45377800
2023-07-25,190.7786102294922,191.5865838976961,190.08888577789457,190.49287261199655,37283200
2023-07-26,191.64566040039062,192.76892999363082,190.4829844332044,190.82783906853456,47471900
2023-07-27,190.38442993164062,194.30601782591035,189.72426422082378,193.14334195652393,47460200
2023-07-28,192.95614624023438,193.7444090416655,191.29094501886246,191.8131659299023,48291400
2023-07-31,193.5670623779297,193.60648379116893,192.39452340931743,193.1827862905988,38824100
2023-08-01,192.7393798828125,193.8429388199064,192.41422090280528,193.36013930235927,35175100
2023-08-02,189.7538604736328,192.31569604997566,189.03457754647138,192.17775117305615,50389300
2023-08-03,188.36453247070312,189.54691917513858,187.89158079590146,188.7586713954234,61235200
2023-08-04,179.3192901611328,184.63019095429203,179.25031019901363,182.79748597555601,115956800
2023-08-07,176.22535705566406,180.44254624962392,174.74736976708382,179.4572213905704,97576100
2023-08-08,177.1614227294922,177.6245266423458,174.97400021533483,177.0530363874442,67823000
2023-08-09,175.5750274658203,178.27480777933516,174.41233639065635,178.2156906972674,60378500
2023-08-10,175.35829162597656,178.09749392589254,174.99372618677373,176.8461269648941,54686900
2023-08-11,175.41748046875,176.2364063672045,174.19403724396824,174.95376621930987,52036700
2023-08-14,177.06517028808594,177.2920967961584,174.9438523177461,175.59504844195268,43675600
2023-08-15,175.08200073242188,177.08491002448199,174.68734458769583,176.4929258073929,43622600
2023-08-16,174.2137451171875,176.15744233651847,174.14467201512105,174.76626971305478,46964900
2023-08-17,171.67803955078125,175.1411945839284,171.1649745274817,174.7761369036864,66062900
2023-08-18,172.16152954101562,172.76339001893962,169.66529224450343,170.00075151281027,61172200
2023-08-21,173.4934539794922,173.77959243029935,171.4214870063081,172.73374028357344,46311900
2023-08-22,174.86489868164062,175.308890515181,173.8979807911273,174.69716910253268,42038900
2023-08-23,178.70303344726562,179.1273031269572,175.95027131734813,176.13773826499084,52722800
2023-08-24,174.0262908935547,178.68330576322634,173.66121814414575,178.25903609639087,54945800
2023-08-25,176.22650146484375,176.75928869570708,173.47373983758078,175.0129196769248,51449600
2023-08-28,177.7854461669922,178.1801023209798,176.1673318473753,177.68677460091166,43820700
2023-08-29,181.6629638671875,182.4325537749521,177.1046213280948,177.30194937146643,53003900
2023-08-30,185.1458740234375,185.34321714142652,182.27471834075723,182.47204640358012,60813900
2023-08-31,185.36293029785156,186.59624944883035,184.9781353249528,185.33333184264131,60794500
2023-09-01,186.93174743652344,187.38560051082152,185.76748618147488,186.96134589549212,45766500
2023-09-05,187.1685333251953,187.44479564304942,185.1064270757959,185.7674844117445,45280000
2023-09-06,180.4691619873047,186.32989809435446,179.04837565163587,185.88589107308178,81755800
2023-09-07,175.19053649902344,175.8318715643951,171.22417743783686,172.84229174782251,112488800
2023-09-08,175.80224609375,177.8347687964352,175.417451102765,175.96999075471308,65551300
2023-09-11,176.96649169921875,177.89395007164453,174.9734438173143,177.66702357259294,58953100
2023-09-12,173.94735717773438,177.72624932161176,172.4871113411862,177.09479044187466,90370200
2023-09-13,171.8852081298828,174.9339690689215,171.65826659533536,174.1545030340495,84267900
2023-09-14,173.3948211669922,173.75001770449512,171.26364194197464,171.67803539320033,60895800
2023-09-15,172.674560546875,174.14468255030425,171.5004532372104,174.12494522635322,109259500
2023-09-18,175.59507751464844,176.98626535892447,173.81909463420754,174.12495542511192,67257600
2023-09-19,176.6803741455078,177.23289871202428,174.7662604292434,175.1510553991506,51826900
2023-09-20,173.14817810058594,177.3019893003594,173.05936766417838,176.86785847407558,58436200
2023-09-21,171.60894775390625,173.94733103404198,171.5398897121348,172.2206842726111,63149100
2023-09-22,172.45750427246094,174.71695374662696,171.7273888544839,172.33911043282527,56725400
2023-09-25,173.73028564453125,174.60840835340898,171.82603288281885,171.87536866413782,46172700
2023-09-26,169.66525268554688,172.86200623492672,169.36925308333926,172.48708745695123,64588900
2023-09-27,168.1556854248047,170.7308568174817,166.79411110643792,170.31646332448594,66921800
2023-09-28,168.41221618652344,169.7343308371659,165.38317681816312,167.08022534636603,56294400
2023-09-29,168.92526245117188,170.7604419321708,168.06686209293406,169.72445084440017,51861100
2023-10-02,171.4313507080078,171.97401410977108,168.64897565996583,168.9351141150612,52164500
2023-10-03,170.09938049316406,171.31297744317223,168.54047825044546,169.96124934298015,49594600
2023-10-04,171.34259033203125,171.88525384459265,168.68848474300435,168.80687858022958,53020300
2023-10-05,172.57589721679688,173.10868450108188,170.3756448658088,171.47083294671847,48527900
2023-10-06,175.1214599609375,175.61478762599208,170.86896284182788,171.48069938400815,57266700
2023-10-09,176.60145568847656,176.66065260372454,173.45402254968238,174.45053908507856,42390800
2023-10-10,176.0094757080078,177.32172934204314,175.57534487507363,175.7233522345748,43698000
2023-10-11,177.40065002441406,177.44998580714199,175.23001108089,175.82199530812358,47551100
2023-10-12,178.2985076904297,179.90674578858014,176.6507798893927,177.6670488234186,56743100
2023-10-13,176.4633331298828,179.5022186651883,175.76280113660414,178.99902980590412,51427100
2023-10-16,176.3350372314453,176.6902337432856,174.15452238414363,174.39132507709223,52517000
2023-10-17,174.78599548339844,176.03905203817294,172.467364361049,174.29266779074965,57549400
2023-10-18,173.4934539794922,175.21023951884263,172.7731998689447,173.2369290366687,54764400
2023-10-19,173.11854553222656,175.46677490830675,172.85214438582656,173.69079235758196,59302900
2023-10-20,170.57296752929688,173.07906528544774,170.33616484514565,172.970532603774,64244000
2023-10-23,170.69139099121094,171.68790756499885,167.6623515662161,168.62928473640696,55980100
2023-10-24,171.12548828125,171.3524147723922,169.16203892177992,170.74069333750268,43816600
2023-10-25,168.81674194335938,170.75057806188605,168.3727349771656,169.58633193718455,57157000
2023-10-26,164.66293334960938,169.09302189873856,163.45921245305613,168.09649022321696,70625300
2023-10-27,165.97518920898438,166.70531969794123,164.60373866788856,164.68267291441106,58499100
2023-10-30,168.01751708984375,168.88577853365425,166.61646843152695,166.76447575317525,51131000
2023-10-31,168.49114990234375,168.61940486913602,165.65943861592592,167.09010101577766,44846000
2023-11-01,171.64842224121094,171.9049471971035,167.84979334743332,168.71805482147735,56934900
2023-11-02,175.20037841796875,175.40756758774253,173.11853525669227,173.17773216234193,77334800
2023-11-03,174.2926483154297,174.46039296073306,171.03669795189808,171.91482054448556,79829200
2023-11-06,176.83824157714844,177.0355696443862,173.85855313497558,174.02628274488598,63841300
2023-11-07,179.39369201660156,180.00541354681909,176.58171810512866,176.7889073081916,70530000
2023-11-08,180.4494171142578,181.00194176498167,179.16676200069597,179.91662978825056,49340300
2023-11-09,179.975830078125,181.66300252138785,179.38383076688,180.51849360423827,53763500
2023-11-10,184.1548614501953,184.3228271167955,181.31943456996746,181.75413731292954,66133400
2023-11-13,182.57412719726562,183.78930789371245,181.99123723697815,183.58184574005094,43627500
2023-11-14,185.18234252929688,185.8442707665973,184.05607409829287,185.43920547847273,60108400
2023-11-15,185.74546813964844,187.21752694473682,185.51824264456812,185.5874067506803,53790500
2023-11-16,187.4250030517578,188.65994715340477,186.37775779056014,187.28668991537342,54412900
2023-11-17,187.40525817871094,188.08694980194565,186.29875297867935,187.95851077872672,50922700
2023-11-20,189.1439971923828,189.5984631625217,187.59291555462244,187.6027896784305,46505100
2023-11-21,188.3437957763672,189.21320125507725,187.45464204586924,189.10452557023848,38134500
2023-11-22,189.00570678710938,190.60618938615343,188.53149251239262,189.18354656200316,39617700
2023-11-24,187.68185424804688,188.60064536615056,186.970525284031,188.57100791556658,24048300
2023-11-27,187.50401306152344,188.37341847212542,186.62473352580105,187.6324520630897,40552600
2023-11-28,188.10665893554688,188.77847629228074,187.1187037624085,187.49413155220094,38415400
2023-11-29,187.0890655517578,189.77630481775705,186.69388951411068,188.60063575450744,43014200
2023-11-30,187.66209411621094,188.02764780463457,185.92329832735996,187.55341843722022,48794400
2023-12-01,188.93658447265625,189.25272234216075,186.95078459310412,188.03754149609296,45704800
2023-12-04,187.14833068847656,187.76087311237956,185.19218377665425,187.69170901814908,43389500
2023-12-05,191.09030151367188,192.05849343193452,187.8893210956394,187.91897362196437,66628400
2023-12-06,190.00355529785156,192.4141533735728,189.79607806848605,192.10788966712872,41089700
2023-12-07,191.9300537109375,192.6512567588297,191.25823636118906,191.29776300970337,47477700
2023-12-08,193.35275268554688,193.62937898399056,191.3373152825971,191.86093042429425,53406400
2023-12-11,190.85317993164062,191.15945870925907,189.11438419177532,190.78403090604945,60943700
2023-12-12,192.36477661132812,192.3746507369947,189.4107849369075,190.75440470261375,52696900
2023-12-13,195.5756378173828,195.6151493963814,192.50309623143957,192.74019585543422,70404200
2023-12-14,195.7238006591797,197.2156075489979,193.79729107961322,195.63488831127654,66831600
2023-12-15,195.1903533935547,196.01034310022396,194.6272115859594,195.1508267360026,128538400
2023-12-18,193.5305633544922,194.26165570440122,192.04863040265064,193.7281513997374,55751900
2023-12-19,194.5679168701172,194.5777909959987,193.53056080250687,193.79731295132126,40714100
2023-12-20,192.4833221435547,195.2989855460905,192.4833221435547,194.5283816611859,52242800
2023-12-21,192.33514404296875,194.7062459740887,191.1693639432951,193.73805393325773,46482500
2023-12-22,191.2681121826172,193.05630849032943,190.6456956495467,192.829067964765,37149600
2023-12-26,190.72476196289062,191.55464074590694,190.5074106042434,191.27801448490152,28919300
2023-12-27,190.8235321044922,191.16932243864449,188.78834689776542,190.17149315937536,48087700
2023-12-28,191.24838256835938,192.31537606668746,190.84331729052167,191.80163510638113,34049900
2023-12-29,190.2110137939453,192.05848519728596,189.42064661751613,191.56450759639273,42672100
2024-01-02,183.40399169921875,186.1702691079172,181.6750702031571,184.89579853453512,82488700
2024-01-03,182.03076171875,183.6411336613478,181.22063114701328,182.00112426612563,58414500
2024-01-04,179.71897888183594,180.8847590726459,178.7013859779921,179.95607854098168,71983600
2024-01-05,178.99771118164062,180.5586821654936,177.99988188294327,179.79796753554595,62379700
2024-01-08,183.324951171875,183.3644778190013,179.3138557634904,179.89674567111302,59144500
2024-01-09,182.91004943847656,182.9199235647891,180.52907347198328,181.70474272826013,42841800
2024-01-10,183.94740295410156,184.15486512874935,181.7047401626592,182.12956878813148,46792900
2024-01-11,183.3546142578125,184.7970355796361,181.4083411771675,184.29316874581366,49128400
2024-01-12,183.68063354492188,184.49076406507768,182.95943045197853,183.81894667336306,40477800
2024-01-16,181.418212890625,182.04061439740983,178.75072186869164,179.9659175831278,65603000
2024-01-17,180.47964477539062,180.72663357001974,178.12832170152117,179.08663943068214,47317400
2024-01-18,186.3579864501953,186.86183815424235,183.59170899023258,183.84857190455077,78005800
2024-01-19,189.25270080566406,189.63800274105876,186.5457131326349,187.0495648712278,68903000
2024-01-22,191.5546112060547,192.9772689432648,189.94423959032406,189.98376623580117,60133900
2024-01-23,192.8291015625,193.39224330006388,191.49537099853464,192.67104017695664,42355600
2024-01-24,192.1573028564453,194.01466361551059,191.99922639290756,193.06621990928542,53631300
2024-01-25,191.83123779296875,193.9059495095527,190.78400781078767,192.8685936512607,54822100
2024-01-26,190.1023406982422,192.41415228379137,189.6281264159501,191.93006387634745,44594000
2024-01-29,189.42063903808594,189.8849791703456,187.2965414692382,189.6972652775173,47145600
2024-01-30,185.77511596679688,189.48983770252025,185.21198926058483,188.64019550498801,55859400
2024-01-31,182.17892456054688,184.84641553917146,182.129538862794,184.78712556686926,55467800
2024-02-01,184.6093292236328,184.69824158324056,181.6059517240919,181.77390231724044,64885400
2024-02-02,183.6114959716797,185.07366557426653,177.0909850527091,177.6936383802958,102551700
2024-02-05,185.41943359375,186.97053056814926,183.60159955655655,185.88377376602236,69668800
2024-02-06,187.01992797851562,187.02980210381148,184.5204024536245,184.60931480628852,43490800
2024-02-07,187.12863159179688,188.74887780721724,186.33826427512778,188.34381248461148,53439000
2024-02-08,186.05174255371094,187.25703410679802,185.09342474162452,187.1088468471974,40962000
2024-02-09,186.8134307861328,187.94113632063826,185.97259122428568,186.61557552858977,45155200
2024-02-12,185.1317596435547,186.63537211912902,184.7756412965565,186.38806813077576,41781900
2024-02-13,183.0445098876953,184.2019058140478,181.53101071537256,183.76664838776776,56529500
2024-02-14,182.1641082763672,183.5292310959524,180.472557481369,183.3215042025078,54630500
2024-02-15,181.8772430419922,182.50045391335385,179.39431647047905,181.57058851615943,65434500
2024-02-16,180.3439178466797,182.85653426097167,179.71082038140443,181.44194791394833,49752500
2024-02-20,179.60205078125,180.46266385305907,178.0588762686663,179.82956623009554,53665600
2024-02-21,180.35385131835938,180.91769653606136,178.71174929095213,179.9779444437335,41371400
2024-02-22,182.3817138671875,182.9653626660908,180.4923231436991,181.50131240098546,52292200
2024-02-23,180.55169677734375,183.04451006700117,180.2648157032703,183.0148347964746,45119700
2024-02-26,179.2063446044922,180.78908088671756,178.70183486744935,180.2746995194681,40867400
2024-02-27,180.66050720214844,181.93658908973126,177.62360710096542,179.1470080612827,54318900
2024-02-28,179.46359252929688,181.14525696926822,178.18751033436442,180.54183451262807,48953900
2024-02-29,178.80078125,180.6011615069905,177.59393659501978,179.31517776545977,136682600
2024-03-01,177.72254943847656,178.58316252471684,175.46713817545924,177.61373507516265,73563100
2024-03-04,173.21173095703125,174.99230771576262,171.91584529303745,174.25039570154502,81510100
2024-03-05,168.28538513183594,170.18467763470022,167.7907772375202,168.9184826327907,95132400
2024-03-06,167.29620361328125,169.39335177885377,166.8609461620447,169.2152850514215,68587700
2024-03-07,167.177490234375,168.88882954707424,166.67299554984157,167.32586658446218,71765100
2024-03-08,168.88880920410156,171.82678133583968,167.11811956465033,167.17747009753631,76267000
2024-03-11,170.8870086669922,172.49943505504672,170.19456071005365,171.07496206121124,60139500
2024-03-12,171.3618621826172,172.15323790323208,169.16580172767317,171.28272310113206,59825400
2024-03-13,169.2845458984375,171.32232852748163,168.9185256992457,170.90685960163916,52488700
2024-03-14,171.1343536376953,172.43022407386235,170.19460153541087,171.04532782778392,72913500
2024-03-15,170.75845336914062,170.75845336914062,168.45357838204507,169.3240932528417,121752700
2024-03-18,171.84658813476562,175.79356502758816,171.64874797271588,173.67664359575858,75604200
2024-03-19,174.18116760253906,174.70545091265865,171.16405556697575,172.4599262049785,55215200
2024-03-20,176.7432098388672,176.7432098388672,173.2018149693641,173.82502584048726,53423100
2024-03-21,169.52191162109375,175.57592275278003,168.9976284397713,175.1406653733646,106181300
2024-03-22,170.422119140625,171.18381963278856,168.22605856941686,169.90772263085663,71160100
2024-03-25,169.00753784179688,170.08577952012527,167.6226265638577,168.7305586050563,54288300
2024-03-26,167.8798065185547,169.5713569473453,167.75120364477232,168.16667243595305,57388400
2024-03-27,171.44100952148438,171.72789059246503,168.27552158079686,168.5722893771007,60273300
2024-03-28,169.6307373046875,170.37264922530974,168.67119667981044,169.89782982249778,65672700
2024-04-01,168.19639587402344,169.40324060587884,167.6523240532299,169.3438900607447,46240500
2024-04-02,167.01922607421875,167.51383407497934,166.4158037095213,167.2566433485096,49329500
2024-04-03,167.8204803466797,168.83937157047524,166.7620271262386,166.9697540235435,47691700
2024-04-04,166.9994354248047,170.06599565718972,166.9994354248047,168.4535689105981,53704400
2024-04-05,167.75123596191406,168.5524984345705,167.12802510796487,167.7611226870966,42104800
2024-04-08,166.63340759277344,167.37531948329715,166.425680716199,167.20715459942008,37425500
2024-04-09,167.84024047851562,168.24582257310013,166.5344834909376,166.8806999592474,42373800
2024-04-10,165.97064208984375,167.2665125006067,165.30786924976792,166.97964653177021,49709300
2024-04-11,173.15232849121094,173.56781241373886,166.34653399230652,166.52458559261675,91070300
2024-04-12,174.6460723876953,176.43655077441642,172.33131077483722,172.38075949507746,101670900
2024-04-15,170.82772827148438,174.72524206460568,170.63977480010448,173.4689334092555,73531800
2024-04-16,167.55340576171875,171.88616144450353,166.45537543168857,169.89784277952464,73711200
2024-04-17,166.18829345703125,168.8097099054139,166.18829345703125,167.78093187309736,50901200
2024-04-18,165.23861694335938,166.8213684176903,164.75391081370103,166.21794611620325,43122900
2024-04-19,163.2206268310547,164.60552308162337,162.31054999578998,164.41758473594675,68149400
2024-04-22,164.0515594482422,165.45624419964858,162.99310629576294,163.73501821268977,48116400
2024-04-23,165.1001434326172,165.24853488832454,163.14149999003314,163.56687071664174,49537800
2024-04-24,167.197265625,167.4742448528629,164.41757152765254,164.7439994721628,48251800
2024-04-25,168.0579071044922,168.7701438382538,166.33666581552853,167.7017887376114,50558300
2024-04-26,167.47427368164062,169.49226770262163,167.35555749623813,168.04802077933093,44838400
2024-04-29,171.6289825439453,174.13169791183088,171.23330216655395,171.50037962888564,68169400
2024-04-30,168.49314880371094,173.10289859543835,168.1667057400835,171.46079655206535,65934800
2024-05-01,167.47427368164062,170.84750390177777,167.28632022447192,167.75125295718234,50383100
2024-05-02,171.1640167236328,171.5498103000238,169.04709541575278,170.64962025703286,94214900
2024-05-03,181.40240478515625,184.98336128032037,180.69016817589636,184.63712970012278,163224100
2024-05-06,179.7504119873047,182.21354970089277,178.474315136007,180.38350950373416,78569700
2024-05-07,180.43296813964844,182.9060078076493,179.36462828599997,181.47164781905605,77305800
2024-05-08,180.76930236816406,181.09574539643793,179.49320552179933,180.878116710922,45057100
2024-05-09,182.57958984375,182.66861565405213,180.14611203583203,180.5912561815798,48983000
2024-05-10,181.3215789794922,183.34230991411323,180.4102677646858,183.15410154420678,50759500
2024-05-13,184.5210723876953,185.3333368917867,182.87674310968822,183.68900761377958,72044800
2024-05-14,185.6602020263672,186.52199740854093,184.53096697721375,185.73944844741243,52393600
2024-05-15,187.92860412597656,188.84981551266446,185.60078753373725,186.13569714479723,70400000
2024-05-16,188.0474395751953,189.2955517477419,187.86914647323638,188.6714956614686,52845200
2024-05-17,188.0771942138672,189.00832091255782,187.39370695143634,187.72059282106466,41282900
2024-05-20,189.23611450195312,190.10781001398533,187.22528381236822,187.54226949481966,44361300
2024-05-21,190.53375244140625,190.91015403566988,189.11724727296848,189.28564024416437,42309400
2024-05-22,189.0974578857422,190.99934196064652,188.47341681604038,190.45453220558076,34648500
2024-05-23,185.11541748046875,189.19651013997458,184.86777806929078,189.1766947549615,51005900
2024-05-24,188.1861114501953,188.78045200186543,186.26442746313117,187.03707622618555,36327000
2024-05-28,188.196044921875,191.1776178733189,187.31444925751387,189.70168159973719,52280100
2024-05-29,188.4932098388672,190.43470949642946,187.72057607583483,187.81963788738682,53068000
2024-05-30,189.4837646484375,190.36536034504638,188.83000809203267,188.9587703074631,49889100
2024-05-31,190.4346923828125,190.7516780595243,188.1167913020161,189.6323431713606,75158300
2024-06-03,192.19790649414062,193.14884852262287,190.7021698304424,191.07857147290113,50080500
2024-06-04,192.51490783691406,193.47575007895594,191.20736433094334,192.80216293853442,47471400
2024-06-05,194.0205078125,195.04078090785526,193.02995023528447,193.55494454203196,54156800
2024-06-06,192.64364624023438,194.64457691185422,192.33657578915964,193.8422276391208,41181800
2024-06-07,195.0308837890625,195.08041469163098,192.30685040959915,192.81202934049514,53103900
2024-06-10,191.29652404785156,195.43706365324314,190.33568173978253,195.04083145085158,97010200
2024-06-11,205.19400024414062,205.20391549352811,191.8016724106265,191.82147267998263,172373300
2024-06-12,211.05810546875,218.12077055688877,204.94635205432962,205.4119153142898,198134300
2024-06-13,212.21705627441406,214.7033502990969,209.60198493072278,212.71233505249734,97862700
2024-06-14,210.48361206054688,213.13829945342002,209.30484597389386,211.8307711431916,70122700
2024-06-17,214.62411499023438,216.88258512602053,210.71141546378874,211.35527186274084,93728300
2024-06-18,212.2666015625,216.56563344094587,210.9887887879192,215.53544497511416,79943300
2024-06-20,207.70013427734375,212.21709015086526,206.8779846754286,211.91000456307782,86172500
2024-06-21,205.5308074951172,209.88925500861833,205.1543907600995,208.40341856791886,241805100
2024-06-24,206.17465209960938,210.69159220230495,204.63928484253907,205.75861973380415,80727000
2024-06-25,207.0958709716797,209.38405645778604,206.6402078553848,207.17510227348808,55549700
2024-06-26,211.23638916015625,212.8311873569971,208.65103345259956,209.5029135164035,66213200
2024-06-27,212.07838439941406,213.70289822966825,210.3449086305272,212.6628097453943,49772700
2024-06-28,208.6312255859375,214.0297763055812,208.3142550307382,213.73260601871965,82542700
2024-07-01,214.70335388183594,215.45617219578955,209.91895899194967,210.08735196554287,60402900
2024-07-02,218.1901397705078,218.29910171758146,213.068958487467,214.10903193760322,58046200
2024-07-03,219.45802307128906,219.45802307128906,216.96181387179615,217.92265588190668,37369800
2024-07-05,224.20281982421875,224.3117817727132,219.55710192478037,219.55710192478037,60412400
2024-07-08,225.66883850097656,225.69855401964364,221.14198303770854,224.94572057418634,59085900
2024-07-09,226.5207061767578,227.23390886254342,224.23252052432466,225.77778797195694,48076100
2024-07-10,230.78012084960938,230.87918266211804,227.08534498663496,227.1348758928893,62627700
2024-07-11,225.4212188720703,230.19569903805672,223.63821202212716,229.2051413563895,64710600
2024-07-12,228.3631591796875,230.44333633793113,226.52072130415218,226.75846058686048,53046500
2024-07-15,232.18673706054688,234.99001738536694,230.88910879003808,234.24709905204858,62631300
2024-07-16,232.60276794433594,234.03907359612094,230.13627381333595,232.78106107648213,43234300
2024-07-17,226.71885681152344,229.27449755440023,224.50000206743292,227.28346685481674,57345900
2024-07-18,222.0631866455078,228.2640866473074,220.1712331922365,228.10559381010606,66034600
2024-07-19,222.19198608398438,224.65848009632384,221.1717129043359,222.6971801635164,49151500
2024-07-22,221.84527587890625,225.6291978658938,220.98348053112068,224.86646431913928,48201800
2024-07-23,222.8853759765625,224.7971601400939,220.57737479075328,222.25141967209163,39960300
2024-07-24,216.47645568847656,222.67735606492835,215.0797809310421,221.88490694575157,61777600
2024-07-25,215.43638610839844,218.76466037633443,212.59347540961954,216.86277641061952,51391200
2024-07-26,215.90194702148438,217.41749898154802,213.9703475571551,216.6349499920164,41601300
2024-07-29,216.17930603027344,217.22929471632008,213.71281205128278,214.91139345300462,36311800
2024-07-30,216.73402404785156,218.24957609355639,214.07932159795172,217.1203409396055,41643800
2024-07-31,219.98304748535156,221.70662325926872,218.54674189777583,219.34909118598728,50036300
2024-08-01,216.29818725585938,222.36039574716864,214.97084352071977,222.2514337919132,62501000
2024-08-02,217.7840118408203,223.46981835778237,215.6543188775265,217.0807092384795,105568600
2024-08-05,207.29400634765625,211.4840610296135,194.14930192882554,197.21012147966275,119548600
2024-08-06,205.2732696533203,208.00721860156926,199.17144565753833,203.36150053141452,69660500
2024-08-07,207.83880615234375,211.62272838414273,204.441185671316,204.9463646139573,63516400
2024-08-08,211.2958526611328,212.17744837655164,206.8581585633277,211.097744151489,47161100
2024-08-09,214.1981964111328,214.7330909034816,209.96851092003678,210.09728825409005,42201600
2024-08-12,215.72540283203125,217.6889728146819,213.81142108338884,214.27752324509848,38028100
2024-08-13,219.4344024658203,220.04925425523973,217.19314118814535,217.19314118814535,44155300
2024-08-14,219.8806610107422,221.17979111862692,217.8774142480331,218.7402072098891,41960600
2024-08-15,222.85577392578125,223.48055242779947,220.9120269929499,222.73677426147512,46414000
2024-08-16,224.17471313476562,224.94824111633486,221.79461423345728,222.06237857544772,44340200
2024-08-19,224.0160675048828,224.115243980586,221.18970440160442,223.84747960195193,40687800
2024-08-20,224.6309051513672,225.28543353253482,223.57970115675508,223.8970537532744,30299000
2024-08-21,224.5218048095703,226.08869912173634,223.1830133382552,224.64081959285892,34765500
2024-08-22,222.66737365722656,226.44576476142115,222.0425950823824,225.9003243494308,43695300
2024-08-23,224.9581756591797,226.32673228874265,222.46900358067504,223.78797197411373,38677300
2024-08-26,225.2953643798828,225.39454085782168,222.0326640536948,224.87885041051024,30602200
2024-08-27,226.13832092285156,226.95152567852384,223.02437015551794,224.1251624880706,35934600
2024-08-28,224.61111450195312,227.953153182598,223.80782130021973,226.0292444010517,38052200
2024-08-29,227.8837127685547,230.98775191089825,226.9812734022471,228.1911537968638,51906300
2024-08-30,227.1002655029297,228.4886453526855,225.59287085733376,228.28039594132485,52990800
2024-09-03,220.9219512939453,227.10026429068756,219.335218503661,226.65400042223428,50190600
2024-09-04,219.0178680419922,219.94014563997789,215.67581475954933,219.82114598403248,43840200
2024-09-05,220.53518676757812,223.60946073514918,219.6823205428289,219.79140861107143,36615400
2024-09-06,218.98812866210938,223.37145940933704,217.94683622588397,222.09215251756703,48423000
2024-09-09,219.07737731933594,219.4343914347755,214.91222272734436,218.98812757352732,67180000
2024-09-10,218.28399658203125,219.6426263973432,214.93203178151688,217.1038662465979,51591000
2024-09-11,220.81285095214844,221.23927647566495,216.0824178921796,219.62280899168329,44587100
2024-09-12,220.9219512939453,221.69547936785247,217.9964268983011,220.6541869199912,37455600
2024-09-13,220.65420532226562,222.18142327621288,220.06910342078112,221.7252477752003,36766600
2024-09-16,214.5254669189453,215.4179946756504,212.14536768072225,214.74362792854853,59357400
2024-09-17,214.9915313720703,215.10061943149995,212.7205355758407,213.96016573653907,45519300
2024-09-18,218.8592071533203,220.86245391858552,215.7353297749969,215.7452565018275,59894900
2024-09-19,226.97134399414062,227.91347512552952,222.76652771175563,223.12354184254357,66781300
2024-09-20,226.306884765625,231.1563174701668,225.73169454082358,228.0622053540531,318679900
2024-09-23,224.59124755859375,227.54652178723228,223.9367191660146,225.4540253555904,54146000
2024-09-24,225.48377990722656,227.44736512534206,223.85738561877668,226.75316007712865,43556100
2024-09-25,224.4920654296875,225.40443143928672,222.16156973744518,223.06400902085235,42308700
2024-09-26,225.63255310058594,226.60441901953834,223.54005654723983,225.4143769570366,36636700
2024-09-27,225.90028381347656,227.61594290444046,225.41435845997736,226.56473891662026,34026000
2024-09-30,231.06707763671875,231.06707763671875,227.74486252768645,228.13162655878588,54541900
2024-10-01,224.33340454101562,227.74485413807125,221.88389405688537,227.615942887257,63285000
2024-10-02,224.89866638183594,225.48376819979168,221.16986421787885,224.01605029183685,32880600
2024-10-03,223.79788208007812,224.928424248049,221.46738631978812,223.27228007150777,34044200
2024-10-04,224.9185028076172,226.1085447535635,222.27065455992025,226.00936828631617,37245100
2024-10-07,219.85092163085938,223.81773870352313,219.4939074890314,222.63760820325265,39505400
2024-10-08,223.8970489501953,224.10529834651464,221.39795026893304,222.4392426471427,31855700
2024-10-09,227.63577270507812,227.84403724277382,222.96485445261254,223.36153007501719,33591100
2024-10-10,227.13992309570312,227.59611368544336,225.28544108575701,225.89038125247495,28183500
2024-10-11,225.66226196289062,227.50683212046087,225.45399745204426,227.3977440685324,31759200
2024-10-14,229.3811798095703,229.8076053434174,226.70358155060512,226.80274288926017,39882100
2024-10-15,231.91004943847656,235.51985237359267,230.4423162246621,231.67203496624026,64751400
2024-10-16,229.85720825195312,230.19438406287304,227.9332995992129,229.67870875165642,34082200
2024-10-17,230.22410583496094,231.91001494787182,228.6076384062416,231.4934859003546,32993800
2024-10-18,233.0504913330078,234.2206950473064,232.0686987091599,234.2206950473064,46431500
2024-10-21,234.51817321777344,234.88511401197752,232.50501517499538,232.50501517499538,36254500
2024-10-22,233.90335083007812,234.26036494372266,230.67040061866737,231.94969236544068,38846600
2024-10-23,228.8456573486328,233.18932661738793,225.87054472777703,232.13812257917175,52287000
2024-10-24,228.6572265625,228.9051525928802,226.5151420282862,228.0721096303277,31109500
2024-10-25,229.49026489257812,231.28524701350278,227.665532857223,227.83412074973037,38802300
2024-10-28,231.46376037597656,232.78272881287972,230.62082086290692,231.38443735420992,36087100
2024-10-29,231.7315216064453,232.38605001867157,230.3927299983884,231.1662580738538,35417200
2024-10-30,228.19114685058594,231.53318522639518,227.64570650368097,230.68031899274527,47070900
2024-10-31,224.035888671875,227.92336713292326,223.5003599556127,227.43742665071557,64370100
2024-11-01,221.06077575683594,223.4805363045207,218.44267740554844,219.1368672842602,65276700
2024-11-04,220.1682586669922,220.94178678396568,217.88735096075072,219.1567312107691,44944500
2024-11-05,221.5963134765625,222.0921656056809,219.30547906118858,219.9600075033543,28111300
2024-11-06,220.87234497070312,224.19455985797964,219.3550388628842,220.76325691115125,54561100
2024-11-07,225.59286499023438,225.9895557457087,222.7070172967094,222.7665171269793,42137700
2024-11-08,225.3248291015625,227.01257809039103,224.77878865400953,225.53330763226646,38328800
2024-11-11,222.61447143554688,224.07388164377818,219.90414468405433,223.37892800863307,42005600
2024-11-12,222.61447143554688,223.96467356190874,221.75074442821315,222.9321731823864,40398300
2024-11-13,223.49807739257812,225.0170530189228,221.15507983350162,222.39607398240116,48566200
2024-11-14,226.57574462890625,227.22105551450989,223.3789425502784,223.398802697962,44923900
2024-11-15,223.3789520263672,225.2851172657963,222.65421566813873,224.76885944610046,47923700
2024-11-18,226.37718200683594,228.08479108540536,223.54770942404784,223.62713486361545,44633700
2024-11-19,226.63528442382812,228.5017442258817,225.02696106605572,225.34464764897942,36211800
2024-11-20,227.35012817382812,228.27342054954684,224.26253412411586,226.41689814964724,35169600
2024-11-21,226.8735809326172,228.50176458087773,224.0838286281757,227.230987838277,42108300
2024-11-22,228.21385192871094,229.05773399756174,226.41689485035167,226.41689485035167,38168300
2024-11-25,231.1922149658203,231.56948199204686,228.0847762696763,229.79238523732437,90152800
2024-11-26,233.366455078125,233.87279036398945,231.6489234928732,231.6489234928732,45986200
2024-11-27,233.2373809814453,233.99191506726265,232.12545514826604,232.78070364946953,33498400
2024-11-29,235.62010192871094,236.0966394139658,232.28430923421996,233.11825362062933,28481400
2024-12-02,237.86383056640625,239.0551819380818,235.45134517492735,235.5605532676808,48137100
2024-12-03,240.9017791748047,241.01098726633802,237.1787967118795,238.08224409194108,38861000
2024-12-04,241.25918579101562,242.35126670496282,239.5118714775545,241.12019505186365,44383900
2024-12-05,241.2889404296875,242.77813324010052,240.3855083044983,242.23210799536452,40033900
2024-12-06,241.09039306640625,242.86750503393802,240.33587413565135,241.15989600483465,36870600
2024-12-09,244.97222900390625,245.45870413211114,240.0082527322972,240.08767817050534,44649200
2024-12-10,245.98489379882812,246.42172615122828,243.5723933612922,245.11122909402775,36914800
2024-12-11,244.71412658691406,248.99307203962232,244.48577275361333,246.17353693536344,45205800
2024-12-12,246.1735382080078,246.94791735826738,243.90995090472455,245.11123992691697,32777500
2024-12-13,246.34228515625,247.49391610940148,244.46590277835176,246.0345210589055,33155300
2024-12-16,249.23130798339844,249.56886987487528,245.86573275817128,246.20329464964811,51694800
2024-12-17,251.65374755859375,252.00123197197036,247.98040799068028,248.27824960945253,51356400
2024-12-18,246.2628631591797,252.44797328398425,245.95509905753715,250.34325221557475,56774100
2024-12-19,247.99034118652344,250.18442555229956,245.3097967996626,245.71684652457995,60882300
2024-12-20,252.65647888183594,253.16279902630112,243.919877297432,246.2529371403228,147495300
2024-12-23,253.43084716796875,253.80809906094288,251.62395254537785,252.93444954402884,40858800
2024-12-24,256.3397521972656,256.34965954757746,253.45069916161225,253.64927033575188,23234700
2024-12-26,257.15380859375,258.2260444048055,255.77383898408218,256.32980188696064,27237100
2024-12-27,253.74853515625,256.836144148833,251.2367643772991,255.97238682838486,42355300
2024-12-30,250.38296508789062,251.67360197393796,248.9434149702759,250.4127477342041,35557500
2024-12-31,248.61578369140625,251.45517870098834,247.63291094425557,250.62123433005314,39480700
2025-01-02,242.09312438964844,247.30529937932678,240.07775127221439,247.13651085819407,55740700
2025-01-03,241.60665893554688,242.42074318433572,240.14724866814672,241.60665893554688,40244100
2025-01-06,243.23483276367188,245.54804748087855,241.4477983095151,242.54980162717402,45045600
2025-01-07,240.46495056152344,243.78088314896328,239.61114601786818,241.22939201717418,40856000
2025-01-08,240.95140075683594,241.95413364050106,238.32049944087447,240.17702168463396,37628900
2025-01-10,235.1435546875,238.42970445265777,231.32128701842691,238.28077607985776,61710900
2025-01-13,232.7112274169922,232.97928640713008,228.06495238182922,231.84750029737077,49630700
2025-01-14,231.59927368164062,234.41880854341963,230.7951119565212,233.05868390458076,39435300
2025-01-15,236.1562042236328,237.2383625727966,232.74098609709984,232.94947976770305,39832000
2025-01-16,226.61546325683594,236.29521800986595,226.38712456587973,235.63998458586752,71759100
2025-01-17,228.3230438232422,230.61639839146835,226.83385097126646,230.44762501944012,68488300
2025-01-21,221.03594970703125,222.80312416686704,217.79944241349193,222.38615194982364,98070400
2025-01-22,222.2173614501953,222.5052654056773,218.2064601780486,218.2064601780486,64126500
2025-01-23,222.048583984375,225.39429904989126,220.69838187044374,223.12080464680741,60234800
2025-01-24,221.1749267578125,224.00439930767484,219.81480209957203,223.160517277336,54697900
2025-01-27,228.20391845703125,230.47741293083342,222.36627749626697,222.4059977899183,94863400
2025-01-28,236.5433807373047,238.4594833656038,229.14705946957608,229.1867797612423,75707600
2025-01-29,237.63548278808594,238.13188043636077,232.32402189200354,232.43322998057818,45486100
2025-01-30,235.8782196044922,239.05516137192973,235.50096771104396,236.95044029141235,55658300
2025-01-31,234.29966735839844,245.40904807772534,231.7581140684966,245.40904807772534,100959800
2025-02-03,226.36724853515625,230.15973381299622,224.0738938399255,228.33299411580026,73063300
2025-02-04,231.1227264404297,231.45035067549782,225.0170268486458,225.61271003037928,45067300
2025-02-05,230.7951202392578,230.99367626573292,226.625383087866,226.88350440739822,39620300
2025-02-06,231.53968811035156,232.11551112022605,228.76978113438386,229.6235855767699,29925300
2025-02-07,225.989990234375,232.31409120281862,225.62264568638093,230.9241838961893,39707200
2025-02-10,226.25831604003906,229.18034555631772,225.81107002878403,228.16659197494192,33115600
2025-02-11,231.1979522705078,233.79199753404617,226.7354100570617,226.80497424991785,53718400
2025-02-12,235.42196655273438,235.51142789245534,229.26980470124647,229.78663009476247,45243300
2025-02-13,240.05348205566406,240.85852795215618,234.1299251101732,235.4617298072221,53614100
2025-02-14,243.10470581054688,244.04889519264196,239.51677402617887,239.77517912233392,40896200
2025-02-18,242.9755096435547,243.6811607859394,240.36158248040348,242.6574585849239,48822500
2025-02-19,243.37306213378906,244.50609250836237,241.6735241546838,243.16435439309654,32204200
2025-02-20,244.32717895507812,245.2713683243621,242.79658488378954,243.44262036367402,32316900
2025-02-21,244.0489044189453,247.1697083342209,243.72091995824803,244.44645306890683,53197400
2025-02-24,245.58944702148438,247.33868242018207,242.92582237394555,243.43269920852308,51326400
2025-02-25,245.52980041503906,248.47171215983582,243.41283173998391,246.48393846255715,48013300
2025-02-26,238.89065551757812,243.48240813544444,237.66817887883008,242.8363877176575,44433600
2025-02-27,235.84934997558594,240.9778097055873,235.61081167459415,237.94645181292123,41153600
2025-02-28,240.361572265625,240.61004395755495,228.79273089598732,235.50146657809572,56833400
2025-03-03,236.5749053955078,242.53822699216576,234.6666443044386,240.3119148031628,47184000
2025-03-04,234.4877166748047,238.60242278275774,233.24535811530478,236.25684921580154,53798100
2025-03-05,234.29888916015625,235.1039350742086,227.82867612475383,233.98083809185871,47227600
2025-03-06,233.89138793945312,236.4059203890797,231.73465535282332,233.00682927336524,45170400
2025-03-07,237.60853576660156,239.89446338205195,233.32487071745646,233.67273718007357,46273600
2025-03-10,226.08937072753906,234.71631625547707,222.84930513729455,234.10009611136832,72071200
2025-03-11,219.489990234375,224.45942498066412,216.12071408301142,222.44183568691165,76137400
2025-03-12,215.653564453125,220.39440897367027,213.5962265598192,218.7942505386503,62547500
2025-03-13,208.398193359375,215.51442704761877,207.14590135231947,214.62986833256545,61368300
2025-03-14,212.18492126464844,212.6421007492463,208.29881981801313,209.95860913307365,60107600
2025-03-17,212.6917724609375,213.904315554563,208.6864099217596,212.00598815128762,48073400
2025-03-18,211.38980102539062,213.83475423543342,210.19713981325924,212.85081593904235,42432400
2025-03-19,213.92422485351562,217.42269587202972,212.44332789190165,212.91045595477615,54385400
2025-03-20,212.79116821289062,216.16044383082547,210.9226561911479,212.6818400591608,48862900
2025-03-21,216.93568420410156,217.5021918152461,209.9884097524224,210.26669685360034,94127800
2025-03-24,219.38063049316406,220.1260455978378,217.24377992596973,219.64898417718916,44299500
2025-03-25,222.38217163085938,222.7300380772677,218.73460889257407,219.42039321145907,34493600
2025-03-26,220.17575073242188,223.64442126802376,219.12223310716143,222.1436424317859,34466100
2025-03-27,222.48159790039062,223.61462840697533,219.21170137047196,220.03662935170198,37094800
2025-03-28,216.5679473876953,222.44182255065115,216.34929105853038,220.31490521146458,39818600
2025-03-31,220.7720947265625,224.24075018814546,214.90815310911736,215.6833836525119,65299300
2025-04-01,221.8256072998047,222.31260214779184,217.5618242432653,218.46626491168394,36412700
2025-04-02,222.52130126953125,223.81335706264446,219.6688511830836,219.9670202377264,35905900
2025-04-03,201.94786071777344,206.22157697816277,200.0197179050274,204.28348559152053,103419000
2025-04-04,187.22840881347656,198.65810753704542,186.19475800144227,192.70471987275084,125910900
2025-04-07,180.3507080078125,192.96311894309866,173.55251067175698,176.11674047268428,160466300
2025-04-08,171.36598205566406,189.1764339595553,168.1756135141289,185.5586861535385,120859500
2025-04-09,197.6343994140625,199.38363475051753,170.83920418374143,170.89883496621582,184395900
2025-04-10,189.25592041015625,193.58926741380884,181.88128226075605,187.9141823452429,121880000
2025-04-11,196.9386749267578,198.32017705332044,184.92258644836306,184.96235041538483,87435900
2025-04-14,201.28196716308594,211.63826622013798,199.9302804535287,210.14743595954587,101352900
2025-04-15,200.90428161621094,202.26590170954893,198.57859009217825,200.6259945192588,51343900
2025-04-16,193.08238220214844,199.4730666932086,191.19398828729797,197.1473753495745,59732400
2025-04-17,195.77581787109375,197.61451451967758,193.2314700862815,195.99447418061752,52164700
2025-04-21,191.9791717529297,192.6152586778503,188.64964501381652,192.08849990403363,46742500
2025-04-22,198.51895141601562,200.35763286451953,194.7719939992729,194.92107095045932,52976400
2025-04-23,203.34927368164062,206.7284832063085,201.56027415925303,204.74070932932477,52929200
2025-04-24,207.09620666503906,207.5534013078127,201.69940812530302,203.6374845300284,47311000
2025-04-25,208.0006103515625,208.46773832051537,204.93943745171498,205.1083963732819,38222300
2025-04-28,208.8553924560547,210.2070792460064,206.1917828448175,208.71624889674396,38743100
2025-04-29,209.9188232421875,210.94252536243698,207.09617339881706,207.4142244323549,36827600
2025-04-30,211.20095825195312,212.2743578831654,205.4065960245207,208.0205233254963,52286500
2025-05-01,212.01593017578125,213.24834004791447,207.6229373664089,207.80184486864306,57365700
2025-05-02,204.09466552734375,205.72463931330321,200.92416412992952,204.83013207172814,101010600
2025-05-05,197.67413330078125,202.85228989395054,196.99829759637964,201.85840315300126,69018500
2025-05-06,197.2964630126953,199.42338015596502,195.81558138809015,196.9983091053983,51216500
2025-05-07,195.05029296875,198.2207944248892,192.0686324392914,197.9524407308952,68536700
2025-05-08,196.28269958496094,198.82704723676696,193.4898650803139,196.51128929096475,50478900
2025-05-09,197.31634521484375,199.31405222350435,196.3323918231404,197.7834732241415,36453900
2025-05-12,209.77610778808594,210.25380995429242,205.75554659425106,209.9552498967622,63775800
2025-05-13,211.9058380126953,212.3735786127325,207.99474788922345,209.4178625594749,51909300
2025-05-14,211.30873107910156,212.91098786371114,209.56714827780408,211.40824098508043,49325800
2025-05-15,210.4329833984375,211.93573045224343,208.53216630351932,209.93538825434783,45029500
2025-05-16,210.24388122558594,211.54759317457453,208.76105751069144,211.33859654598928,54737900
2025-05-19,207.7758026123047,208.47243269467637,203.2775387890809,206.90999202317107,46140500
2025-05-20,205.8650360107422,207.46729276724128,204.04383620537516,206.67113760639387,42496600
2025-05-21,201.1179656982422,206.04415370597744,199.74461367242378,204.18315305948536,59211800
2025-05-22,200.39149475097656,201.77480849030061,198.7394754118135,199.7446272097534,46742400
2025-05-23,194.33079528808594,196.74910019358438,192.5295034494263,192.7384848883374,78432900
2025-05-27,199.24705505371094,199.77450469366767,196.48041207123393,197.34623795139206,56288500
2025-05-28,199.4560089111328,201.75489573800118,198.9385057789635,199.6251894151235,45339700
2025-05-29,198.98825073242188,202.8296849960031,197.55517460719432,202.60079553265004,51396800
2025-05-30,199.88392639160156,200.98858794774708,195.83349562393636,198.41103419314425,70819900
2025-06-02,200.72982788085938,201.15776749414482,199.1574257965875,199.31665984736324,35423300
2025-06-03,202.2923126220703,202.78990771325485,199.99342573046133,200.38154929416936,46381600
2025-06-04,201.84446716308594,205.24801554678163,201.1279290627925,201.9340306292736,43604000
2025-06-05,199.66500854492188,203.76518718349973,199.18730633012683,202.52119947175674,55126100
2025-06-06,202.93917846679688,204.7106157617459,201.07817770068002,202.0236053289331,46607700
2025-06-09,200.48106384277344,205.0091823144686,199.05794913802782,203.40692547634254,72862600
2025-06-10,201.6951904296875,203.36711781582227,199.60530017876516,199.63515466910712,54672600
2025-06-11,197.82388305664062,203.51637153393742,197.4556675860525,202.52118145308685,60989900
2025-06-12,198.24188232421875,198.71956936233477,196.4107360236097,198.12246436103902,43904600
2025-06-13,195.50511169433594,199.40625545491926,194.7587190445596,198.769334334526,51447300
2025-06-16,197.46563720703125,197.73434281232372,195.61458283187793,196.3510290449251,43020700
2025-06-17,194.69900512695312,197.4357781067605,194.27108064091922,196.25149936947125,38856200
2025-06-18,195.63449096679688,196.61973472966923,194.13175923439314,194.99756984742208,45394700
2025-06-20,200.03321838378906,200.72984844555882,195.9131318065836,197.28649906078425,96813500
2025-06-23,200.53082275390625,201.3269779408771,198.00304635957568,200.6602023375907,55814300
2025-06-24,199.3365936279297,202.46149014710028,199.23706853700068,201.61557243039425,54064000
2025-06-25,200.5905303955078,202.690382284235,199.65504919597097,200.48105886821313,39525700
2025-06-26,200.03321838378906,201.66532960796235,198.50063224789568,200.4611428555203,50799100
2025-06-27,200.1128387451172,202.24254507531293,199.03803155248616,200.91894034324127,73188600
2025-06-30,204.18316650390625,206.39248990855162,198.3015889216639,201.03836190454115,91912800
2025-07-01,206.8204345703125,209.17903048404247,205.14850713857425,205.6759567295316,78788900
2025-07-02,211.41819763183594,212.3138626915596,207.13887695509675,207.90517762155153,67941800
2025-07-03,212.52285766601562,213.61755770997246,210.7912213537831,211.12958235725722,34955800
2025-07-07,208.940185546875,215.18997897032483,207.7957228576545,211.65705062020388,50229000
2025-07-08,208.9998779296875,210.41304612040562,207.4473837253886,209.08945658408672,42848900
2025-07-09,210.12445068359375,210.31353924447487,206.22330706177223,208.52219391164948,48749400
2025-07-10,211.38836669921875,212.45321238064957,209.01980902189666,209.49749609462273,44443600
2025-07-11,210.14434814453125,211.1096837700706,208.85059795908091,209.55718962168862,39765800
2025-07-14,207.6165771484375,209.89557123752414,206.54176989733165,208.92027389637033,38840100
2025-07-15,208.10421752929688,210.87084499335577,207.9151289669034,208.21368905566166,42296300
2025-07-16,209.149169921875,211.37838618562168,207.63647661047767,209.28849593835915,47490500
2025-07-17,209.0098419189453,210.78127919114968,208.58190225319882,209.5571995447156,48068100
2025-07-18,210.1642608642578,210.77132749863404,208.6913836081342,209.85575432940058,48974600
2025-07-21,211.45799255371094,214.74212298846783,210.61209006251647,211.07983063398711,51377400
2025-07-22,213.36875915527344,213.91611676733493,211.20919838168209,212.1148250502387,46404100
2025-07-23,213.11996459960938,214.11515474984876,211.38834345684663,213.96588230147148,46989300
2025-07-24,212.73184204101562,214.65256693634578,212.50295255730364,212.87116805528336,46022600
2025-07-25,212.85128784179688,214.20474714033003,212.37358560556336,213.66733592091674,40268800
2025-07-28,213.02044677734375,213.8166019050196,212.03520309848784,213.00053872316795,37858000
2025-07-29,210.25384521484375,213.77681196541135,209.80601264614248,213.14983725799084,51411700
2025-07-30,208.04449462890625,211.36842593737322,206.72088996610802,210.88077731884883,45512500
2025-07-31,206.57162475585938,208.83069544134486,206.16359315375274,207.48719786288635,80698400
2025-08-01,201.40658569335938,212.5527122409286,200.53081350952442,209.85574027592583,104434500
2025-08-04,202.37191772460938,206.88012777005082,200.70993685491413,203.5263267271778,75109300
2025-08-05,201.94400024414062,204.35235878558626,201.18766113385618,202.42168730403617,44155100
2025-08-06,212.2242889404297,214.3440487139093,204.60112912578842,204.64094523363173,108483100
2025-08-07,218.9716796875,219.78774287041324,215.5382768294147,217.8272171299369,90224800
2025-08-08,228.24688720703125,229.88894502591432,218.19545972697713,219.76786212559261,113854000
2025-08-11,226.34388732910156,228.71513292468896,223.9327956372812,227.08116933177635,61806100
2025-08-12,228.80479431152344,229.95057099439725,226.23430307406312,227.17083074525974,55626200
2025-08-13,232.4712371826172,234.1350889692748,229.5819014312059,230.21956052334866,69878500
2025-08-14,231.92327880859375,234.25466305951576,230.0003892485326,233.1985666998313,51916300
2025-08-15,230.73765563964844,233.417757832359,228.49593650929467,233.1387895567921,56038700
2025-08-18,230.0402374267578,232.26202593201924,229.26310933608104,230.8472538899505,37476200
2025-08-19,229.71145629882812,232.0129522601839,228.50591803460907,230.42880766374827,39402600
2025-08-20,225.17819213867188,229.6217843388592,224.93908515924198,229.13358225147155,42263900
2025-08-21,224.07228088378906,225.68632903786573,222.9564077521854,225.43724912794482,30621200
2025-08-22,226.9217529296875,228.2468598588307,224.58041092619504,225.33760837029214,42477800
2025-08-25,226.323974609375,228.45609804536198,225.3973894325087,225.6464693442017,30983100
2025-08-26,228.46603393554688,228.64537936019502,223.8630424721864,226.03501179732243,54575100
2025-08-27,229.64170837402344,230.05018785299507,227.41990473660533,227.76862267507164,31259500
2025-08-28,231.70408630371094,232.55096405412047,228.4959359400532,229.9704999102399,38074700
2025-08-29,231.28562927246094,232.52107103838586,230.51845893056873,231.65426265633033,39418400
2025-09-02,228.87454223632812,230.00038826150748,226.1346633063032,228.4062708029861,44075600
2025-09-03,237.59234619140625,237.9709525201245,233.49747185558658,236.33698891571112,66427800
2025-09-04,238.8975067138672,239.0170601981439,235.8687018920251,237.57239985348932,47549400
2025-09-05,238.80784606933594,240.43185187342493,237.61226559630578,239.1167027112504,54870400
2025-09-08,237.0045166015625,239.2661511981365,235.47017586985078,238.41928864081726,48999500
2025-09-09,233.48751831054688,237.90120710535396,232.5011563745861,236.12775932745953,66313900
2025-09-10,225.95533752441406,231.56462228661692,225.11843262708078,231.33547301291114,83440800
2025-09-11,229.18341064453125,229.60186307827533,225.81584532196928,226.04500979013486,50208600
2025-09-12,233.2085418701172,233.6469097348115,228.17712472443904,228.37638560886936,55824200
2025-09-15,235.828857421875,237.31337916896246,234.16500543557729,236.12775635652346,42699500
2025-09-16,237.27349853515625,240.33220689969463,235.45024710789585,236.30706734003456,63421100
2025-09-17,238.11044311523438,239.21635855568803,236.85507060288438,238.09051246512186,46508000
2025-09-18,237.0045166015625,240.31228984200703,235.77903252032195,239.08682096339746,44249600
2025-09-19,244.59645080566406,245.3935094903633,239.32592704772566,240.342162048153,163741300
2025-09-22,255.13751220703125,255.69547916115815,247.2068166293636,247.38616206443075,105517400
2025-09-23,253.4936065673828,256.3929004583055,252.64674396870498,254.93828225227924,60275200
2025-09-24,251.3813934326172,254.7987775332095,250.11606329601622,254.28068708944184,42303700
2025-09-25,255.9246063232422,256.22352044118514,250.7836088309123,252.27808820484515,55202100
2025-09-26,254.51980590820312,256.6519291955366,252.84598111295833,253.16481067495934,46076300
2025-09-29,253.4936065673828,254.06151607705354,252.07883445903423,253.6231329894407,40127700
2025-09-30,253.69285583496094,254.97810138533342,252.1784458386236,253.9220050782957,37704300
2025-10-01,254.5098419189453,257.83756097799323,253.9917514638179,254.10134722927504,48713900
2025-10-02,256.1836853027344,257.22980880920034,253.21464169746508,255.63569123318152,42630200
2025-10-03,257.07037353515625,258.2858846694617,253.01536064819075,253.73271197999827,49155600
2025-10-06,255.7452850341797,258.1165305885388,254.1113214696764,257.0404883747525,44664100
2025-10-07,255.53607177734375,256.45266881763376,254.48991791397023,255.86484387966763,31955800
2025-10-08,257.1102294921875,257.56852798749276,255.16739414069707,255.5758888188916,36496900
2025-10-09,253.1050262451172,257.0504585775582,252.2083446799687,256.8611554198282,38322000
2025-10-10,244.3673095703125,255.436420799504,243.10197943699816,254.00171816056968,61999100
2025-10-13,246.74851989746094,248.7710475029622,244.6562426215344,248.46219085423505,38142900
2025-10-14,246.85812377929688,247.9341508249242,243.79941515849077,245.69243161385845,35478000
2025-10-15,248.4223175048828,250.89320098009676,246.55920477705152,248.57177456170203,33893600
2025-10-16,246.53929138183594,248.1234359576197,244.22783772705108,247.33635013275978,39777000
2025-10-17,251.36148071289062,252.4474806979352,246.3599669580113,247.1072067041429,49147000
2025-10-20,261.27484130859375,263.4069798400544,254.68918336894043,254.94822099113512,90483000
2025-10-21,261.8028869628906,264.3136317818121,260.86634411857244,260.9161783410852,46695900
2025-10-22,257.4988098144531,261.882609922878,254.4899051977633,261.6833338430701,45015300
2025-10-23,258.6246032714844,259.66078406832133,257.06040475940137,258.98329410338334,32754900
2025-10-24,261.8527526855469,263.1579290692685,258.2261343576155,260.2287466983284,38253700
2025-10-27,267.8207092285156,268.12956591820625,263.67601542509226,263.90517991319996,44888200
2025-10-28,268.0099792480469,268.89671830922975,267.1631014853557,268.00000632210845,41534800
2025-10-29,268.7074279785156,270.41112610592455,266.126933268734,268.28896033752676,51086700
2025-10-30,270.4011535644531,273.131090148023,267.49191714200913,270.98897852374654,69886500
2025-10-31,269.37493896484375,276.29937269597025,268.16940070155243,275.9705701844509,86167100
2025-11-03,268.05975341796875,269.8531467885877,265.2700709373508,269.424736694289,50194600
2025-11-04,269.0461730957031,270.49081837885313,266.6350661079627,267.3424445625432,49274800
2025-11-05,269.14581298828125,270.7000692568828,265.94760492323326,267.6214146886098,43683100
2025-11-06,268.7771301269531,272.3937751745226,266.90407480138714,266.90407480138714,51204000
2025-11-07,267.48193359375,271.2878818962731,265.7881780523408,268.80702532983145,48227400
2025-11-10,268.6986083984375,272.9869540449525,266.7339548671466,268.22988302493957,41312400
2025-11-11,274.5028381347656,275.1610502271484,269.06761990152603,269.0776024957972,46208300
2025-11-12,272.7276306152344,274.9815052844664,270.9624464716027,274.25347600982695,48398000
2025-11-13,272.2090759277344,275.9488963676571,271.3513946141157,273.36590026791555,49602800
2025-11-14,271.6705322265625,275.21088338895913,268.8681625557137,270.31420819279356,47431300
2025-11-17,266.73394775390625,269.7557213346742,265.00866346949266,268.09027174019775,45018300
2025-11-18,266.7140197753906,269.9751321987233,264.59977951795884,269.2570854665072,45677300
2025-11-19,267.8309631347656,271.47104873805114,264.77927226211665,264.80918960656476,40424500
2025-11-20,265.5272521972656,274.68232536305425,265.1981613886433,270.09480618650156,45823600
2025-11-21,270.7530212402344,272.5880228442522,264.9488429624803,265.22808167538,59030800
2025-11-24,275.1710205078125,276.24807542504453,270.164627965921,270.164627965921,65585800
2025-11-25,276.2181396484375,279.6188865292943,274.5028075356392,274.52274228722064,46914200
2025-11-26,276.79656982421875,278.7712060098946,275.8790842359358,276.2081750495132,33431400
2025-11-28,278.093017578125,278.2426042891834,275.2407657367699,276.5073375714406,20135600
2025-12-01,282.33148193359375,282.650620542313,275.390384584981,277.255303275414,46587700
2025-12-02,285.4131164550781,286.619823290159,281.86278279875575,282.231773534172,53669500
2025-12-03,283.378662109375,287.8365294074879,282.5309633672564,285.4231155973949,43538700
2025-12-04,279.93804931640625,283.9571086251454,277.8337611056945,283.32881389666403,43989100
2025-12-05,278.02325439453125,280.37686403379615,277.29522501275557,279.77848663840757,47265800
2025-12-08,277.1356506347656,278.9108174051644,275.4003533668138,277.374989388386,38211800
2025-12-09,276.4275817871094,279.2698514894354,276.16830825817004,277.40493251311347,32193300
2025-12-10,278.02325439453125,278.9906225605669,275.6896099437804,276.99605153243056,33038300
2025-12-11,277.2752380371094,278.83100071126506,273.06669274298736,278.342340640522,33248000
2025-12-12,277.52459716796875,278.4620479370953,276.0685689150702,277.14562382282355,39532900
2025-12-15,273.3658752441406,279.3894873363706,272.0993337942639,279.3894873363706,50409100
2025-12-16,273.8645324707031,274.752131096348,271.0522107383373,272.07941349564567,37648600
2025-12-17,271.10205078125,275.41033087528734,270.9026119684932,274.2634587890498,50138700
2025-12-18,271.45111083984375,272.8872042261758,266.22534517191764,272.86723904028526,51630700
2025-12-19,272.9271240234375,273.8545921928022,269.1673383776201,271.4112306527045,144632000
2025-12-22,270.2344665527344,273.1365711538121,269.775723721713,272.1193204151364,36571800
2025-12-23,271.62066650390625,271.7603010837797,268.8282792538215,270.1048034873943,29642000
2025-12-24,273.0667419433594,274.68233959340455,271.46112688748974,271.60073103225574,17910600
2025-12-26,272.6578063964844,274.6224597374741,272.11926379011726,273.4157529954652,21521800
2025-12-29,273.0168762207031,273.61522314661676,271.6107000753325,271.9497734782625,23715200
2025-12-30,272.33868408203125,273.3359694836473,271.54086793463244,272.06942798009953,22139600
2025-12-31,271.12200927734375,272.9370761103812,271.0123224859311,272.3187639976345,27293600
